,Year,Week,SMN,SMT,VCI,TCI,VHI,0,5,10,15,20,25,30,35,40,45,50,55,60,65,70,75,80,85,90,95,100
0,1990,2.0,0.065,266.86,60.98,19.65,40.31,0.0,0.0,0.14,1.6,4.57,10.03,14.36,21.52,15.35,11.49,12.9,5.74,1.65,0.47,0.09,0.09,0.0,0.0,0.0,0.0,0.0
1,1990,3.0,0.071,268.03,68.23,15.97,42.1,0.0,0.0,0.09,0.61,3.3,7.58,13.42,17.94,17.23,11.77,19.54,6.03,1.65,0.61,0.19,0.05,0.0,0.0,0.0,0.0,0.0
2,1990,4.0,0.076,269.7,73.08,13.36,43.22,0.0,0.0,0.0,0.33,2.21,6.45,12.24,16.9,15.02,13.79,24.53,5.56,2.02,0.66,0.24,0.05,0.0,0.0,0.0,0.0,0.0
3,1990,5.0,0.085,272.2,77.6,9.13,43.36,0.0,0.0,0.0,0.33,2.17,6.31,12.01,14.74,14.83,13.04,30.04,4.57,1.41,0.42,0.14,0.0,0.0,0.0,0.0,0.0,0.0
4,1990,6.0,0.1,274.86,82.17,5.67,43.92,0.0,0.0,0.05,0.28,1.6,4.71,11.02,14.03,13.89,12.05,38.94,2.54,0.75,0.14,0.0,0.0,0.0,0.0,0.0,0.0,0.0
5,1990,7.0,0.12300000000000001,277.67,87.74,3.76,45.75,0.0,0.0,0.0,0.28,0.99,3.39,6.03,10.64,12.57,11.96,51.55,2.07,0.52,0.0,0.0,0.0,0.0,0.0,0.0,0.0,0.0
6,1990,8.0,0.145,280.56,91.12,2.8,46.96,0.0,0.0,0.0,0.19,0.8,2.07,4.8,7.39,9.42,12.15,60.78,2.17,0.19,0.05,0.0,0.0,0.0,0.0,0.0,0.0,0.0
7,1990,9.0,0.166,283.05,92.89,2.38,47.64,0.0,0.0,0.0,0.24,0.56,1.6,3.34,6.03,8.57,11.25,65.96,2.31,0.14,0.0,0.0,0.0,0.0,0.0,0.0,0.0,0.0
8,1990,10.0,0.193,286.01,95.31,1.62,48.47,0.0,0.0,0.0,0.05,0.38,1.04,2.4,3.48,6.17,9.84,75.0,1.6,0.05,0.0,0.0,0.0,0.0,0.0,0.0,0.0,0.0
9,1990,11.0,0.217,287.97,96.43,1.73,49.08,0.0,0.0,0.0,0.05,0.24,0.94,1.32,2.92,5.18,8.29,78.91,2.02,0.14,0.0,0.0,0.0,0.0,0.0,0.0,0.0,0.0
10,1990,12.0,0.23800000000000002,289.63,97.01,3.39,50.2,0.0,0.0,0.0,0.0,0.33,0.47,1.27,1.55,4.19,8.1,75.89,7.67,0.52,0.0,0.0,0.0,0.0,0.0,0.0,0.0,0.0
11,1990,13.0,0.256,291.02,96.75,8.63,52.69,0.0,0.0,0.0,0.0,0.19,0.47,0.89,1.32,3.58,6.97,54.0,25.38,6.78,0.42,0.0,0.0,0.0,0.0,0.0,0.0,0.0
12,1990,14.0,0.27399999999999997,292.22,95.42,12.0,53.71,0.0,0.0,0.0,0.0,0.14,0.61,0.66,1.41,4.05,8.99,41.05,31.12,10.69,1.27,0.0,0.0,0.0,0.0,0.0,0.0,0.0
13,1990,15.0,0.29,292.93,92.81,17.15,54.98,0.0,0.0,0.0,0.0,0.14,0.52,0.71,1.51,4.33,10.73,25.85,34.23,19.11,2.73,0.14,0.0,0.0,0.0,0.0,0.0,0.0
14,1990,16.0,0.307,293.27,89.74,25.71,57.73,0.0,0.0,0.0,0.0,0.09,0.28,0.75,0.94,3.72,9.51,16.29,25.38,28.25,12.48,2.02,0.24,0.05,0.0,0.0,0.0,0.0
15,1990,17.0,0.33,294.14,87.98,35.35,61.67,0.0,0.0,0.0,0.0,0.05,0.09,0.66,0.85,2.31,5.65,11.58,16.85,23.78,22.18,11.91,3.15,0.61,0.24,0.0,0.09,0.0
16,1990,18.0,0.35200000000000004,295.39,87.06,46.05,66.56,0.0,0.0,0.0,0.0,0.0,0.24,0.38,0.94,1.69,3.81,7.06,11.35,15.73,20.01,17.33,12.99,5.23,1.84,0.71,0.47,0.24
17,1990,19.0,0.36700000000000005,296.46,84.34,55.93,70.13,0.0,0.0,0.0,0.0,0.0,0.19,0.42,0.99,1.84,2.97,5.6,8.71,11.72,14.12,16.53,15.49,10.69,5.65,2.78,1.65,0.66
18,1990,20.0,0.375,297.55,79.4,58.17,68.78,0.0,0.0,0.0,0.0,0.0,0.38,0.52,1.46,1.79,4.0,7.49,8.57,12.24,15.44,15.02,12.95,10.17,5.37,3.25,0.99,0.38
19,1990,21.0,0.368,298.11,70.88,63.19,67.04,0.0,0.0,0.0,0.0,0.09,0.38,0.94,1.32,3.06,6.36,7.86,9.65,13.18,13.79,13.28,11.91,9.04,5.51,2.54,0.8,0.28
20,1990,22.0,0.355,298.77,59.66,64.77,62.22,0.0,0.0,0.0,0.0,0.14,0.56,1.46,2.68,5.41,8.85,10.73,12.34,14.6,14.36,12.05,8.15,4.66,2.73,0.8,0.42,0.05
21,1990,23.0,0.342,299.62,50.38,61.63,56.01,0.0,0.0,0.0,0.14,0.56,1.13,2.5,4.9,9.6,12.71,14.27,17.47,12.81,11.06,6.73,3.58,1.6,0.66,0.19,0.09,0.0
22,1990,24.0,0.32799999999999996,300.07,43.87,62.99,53.43,0.0,0.0,0.0,0.14,0.89,1.79,3.53,7.3,11.49,14.22,15.58,14.36,13.47,8.76,4.61,2.54,0.85,0.38,0.05,0.05,0.0
23,1990,25.0,0.318,300.92,39.91,61.23,50.57,0.0,0.0,0.0,0.61,1.46,3.3,5.98,9.04,12.48,14.6,16.29,12.43,11.53,6.26,4.0,1.46,0.38,0.19,0.0,0.0,0.0
24,1990,26.0,0.309,301.78,36.38,57.45,46.92,0.0,0.0,0.33,1.08,3.06,5.46,7.82,11.72,14.6,14.03,15.21,10.83,8.66,4.19,2.07,0.61,0.33,0.0,0.0,0.0,0.0
25,1990,27.0,0.295,302.32,31.67,54.78,43.23,0.0,0.09,0.71,2.07,5.08,7.86,9.84,14.31,14.74,14.41,12.95,9.04,5.41,2.26,0.85,0.24,0.09,0.0,0.05,0.0,0.0
26,1990,28.0,0.28,302.73,28.72,50.66,39.69,0.09,0.24,1.65,3.67,6.64,9.27,14.03,15.21,15.3,13.47,9.93,5.84,2.64,1.46,0.38,0.09,0.09,0.0,0.0,0.0,0.0
27,1990,29.0,0.264,302.83,25.46,49.04,37.25,0.14,0.38,2.21,5.08,8.99,12.1,14.36,15.11,15.77,10.92,7.77,3.72,2.31,0.71,0.28,0.14,0.0,0.0,0.0,0.0,0.0
28,1990,30.0,0.249,303.06,23.62,46.13,34.87,0.14,0.56,2.97,6.59,12.34,13.42,14.92,16.05,13.23,8.24,6.69,2.78,1.32,0.61,0.05,0.09,0.0,0.0,0.0,0.0,0.0
29,1990,31.0,0.23399999999999999,303.24,22.82,43.73,33.28,0.09,0.89,3.81,8.62,13.84,14.83,13.94,15.35,12.57,7.39,4.9,1.88,1.32,0.47,0.09,0.0,0.0,0.0,0.0,0.0,0.0
30,1990,32.0,0.222,303.11,22.66,42.85,32.76,0.28,0.71,4.28,9.65,13.7,14.83,15.07,14.41,10.97,8.19,3.67,2.45,1.04,0.66,0.09,0.0,0.0,0.0,0.0,0.0,0.0
31,1990,33.0,0.215,302.72,23.53,44.05,33.79,0.33,0.42,3.44,8.9,12.57,14.92,15.96,13.89,11.06,9.32,3.91,2.73,1.55,0.52,0.28,0.19,0.0,0.0,0.0,0.0,0.0
32,1990,34.0,0.20800000000000002,301.85,24.08,48.13,36.1,0.24,0.24,1.93,5.65,11.63,14.22,15.02,15.11,12.71,9.89,6.21,3.11,2.35,0.94,0.42,0.19,0.09,0.05,0.0,0.0,0.0
33,1990,35.0,0.201,300.67,24.79,51.32,38.06,0.14,0.33,0.71,4.9,9.23,13.42,14.74,15.54,12.9,10.88,7.06,4.9,2.64,1.46,0.71,0.28,0.14,0.05,0.0,0.0,0.0
34,1990,36.0,0.196,298.95,27.38,52.76,40.07,0.05,0.28,0.66,2.87,7.91,11.68,13.94,14.97,14.36,11.39,8.9,5.89,3.63,1.84,0.8,0.56,0.24,0.05,0.0,0.0,0.0
35,1990,37.0,0.19,297.15,29.99,52.05,41.02,0.09,0.33,0.89,3.06,7.77,9.51,13.32,13.75,14.36,11.58,10.45,6.73,3.53,2.21,1.46,0.47,0.38,0.09,0.0,0.0,0.0
36,1990,38.0,0.18600000000000003,295.47,35.43,50.91,43.17,0.14,0.42,0.85,2.64,4.94,8.8,11.16,13.7,13.14,13.09,11.21,8.47,5.08,3.01,1.88,0.99,0.42,0.05,0.0,0.0,0.0
37,1990,39.0,0.18600000000000003,294.15,44.77,45.18,44.98,0.14,0.28,1.18,1.84,3.86,7.49,10.26,12.1,12.99,14.03,10.83,10.45,6.64,4.0,2.64,0.89,0.24,0.09,0.05,0.0,0.0
38,1990,40.0,0.184,292.5,51.3,38.5,44.9,0.14,0.47,0.71,1.88,3.58,7.53,9.65,13.32,13.32,13.23,11.63,10.12,7.44,4.05,2.07,0.52,0.28,0.05,0.0,0.0,0.0
39,1990,41.0,0.17800000000000002,290.45,53.58,31.24,42.41,0.14,0.14,0.94,2.35,5.08,8.24,11.72,14.69,14.78,14.08,10.78,7.63,6.03,2.21,0.89,0.19,0.09,0.0,0.0,0.0,0.0
40,1990,42.0,0.16699999999999998,288.03,53.19,26.29,39.74,0.05,0.14,1.41,2.92,5.89,10.83,14.5,16.15,15.16,13.47,8.71,6.26,2.68,1.37,0.38,0.09,0.0,0.0,0.0,0.0,0.0
41,1990,43.0,0.149,284.71,50.56,29.99,40.28,0.05,0.14,0.61,1.79,5.13,10.64,13.18,19.07,15.82,14.97,9.37,5.08,2.64,1.04,0.42,0.05,0.0,0.0,0.0,0.0,0.0
42,1990,44.0,0.13,282.23,46.14,25.26,35.7,0.05,0.28,0.75,4.1,8.71,15.96,18.83,19.73,14.17,9.04,4.76,2.31,1.08,0.14,0.09,0.0,0.0,0.0,0.0,0.0,0.0
43,1990,45.0,0.11199999999999999,280.31,42.41,20.6,31.5,0.24,0.33,3.15,8.66,13.94,19.35,20.62,14.22,10.5,4.8,2.31,1.46,0.33,0.09,0.0,0.0,0.0,0.0,0.0,0.0,0.0
44,1990,46.0,0.096,278.08,39.73,20.6,30.17,0.28,0.71,4.1,9.09,17.61,20.2,19.02,13.56,7.58,4.1,2.12,1.22,0.38,0.05,0.0,0.0,0.0,0.0,0.0,0.0,0.0
45,1990,47.0,0.08900000000000001,276.15,40.23,19.85,30.04,0.24,0.38,4.0,10.69,17.51,21.05,18.79,12.29,6.92,3.63,2.45,1.55,0.47,0.05,0.0,0.0,0.0,0.0,0.0,0.0,0.0
46,1990,48.0,0.08199999999999999,274.41,40.05,17.75,28.9,0.19,0.52,4.66,11.86,21.42,20.72,16.67,10.45,6.78,2.5,2.68,1.22,0.33,0.0,0.0,0.0,0.0,0.0,0.0,0.0,0.0
47,1990,49.0,0.078,272.88,42.14,16.04,29.09,0.05,0.71,4.71,12.15,20.01,21.61,16.01,10.55,6.26,3.63,2.64,1.27,0.42,0.0,0.0,0.0,0.0,0.0,0.0,0.0,0.0
48,1990,50.0,0.073,271.4,44.12,14.94,29.53,0.05,0.71,5.08,12.1,18.27,20.76,15.91,11.72,6.73,3.58,3.39,1.37,0.24,0.09,0.0,0.0,0.0,0.0,0.0,0.0,0.0
49,1990,51.0,0.07200000000000001,270.34,50.28,12.66,31.47,0.05,0.85,3.91,10.45,16.05,18.55,15.91,11.77,8.24,6.07,5.37,2.21,0.52,0.05,0.0,0.0,0.0,0.0,0.0,0.0,0.0
50,1990,52.0,0.073,269.54,58.01,11.49,34.75,0.0,0.19,2.4,6.26,12.66,16.81,16.67,13.42,10.08,7.39,9.18,3.91,0.8,0.19,0.05,0.0,0.0,0.0,0.0,0.0,0.0
51,1991,1.0,0.076,269.31,71.17,10.37,40.77,0.0,0.0,0.52,2.64,6.45,10.22,13.51,13.65,12.34,9.89,20.72,7.91,1.74,0.24,0.14,0.05,0.0,0.0,0.0,0.0,0.0
52,1991,2.0,0.075,268.99,73.26,9.82,41.54,0.0,0.0,0.42,2.02,4.61,9.93,12.9,12.81,14.6,10.92,22.65,6.69,2.26,0.14,0.05,0.0,0.0,0.0,0.0,0.0,0.0
53,1991,3.0,0.07400000000000001,268.16,73.56,14.47,44.01,0.0,0.0,0.09,0.75,2.5,6.12,11.53,13.32,16.67,14.78,20.2,10.45,3.39,0.14,0.05,0.0,0.0,0.0,0.0,0.0,0.0
54,1991,4.0,0.07,266.55,68.25,25.72,46.99,0.0,0.0,0.0,0.09,0.94,2.73,6.92,14.69,16.95,18.27,17.14,12.34,7.91,1.88,0.14,0.0,0.0,0.0,0.0,0.0,0.0
55,1991,5.0,0.066,266.51,59.75,32.17,45.96,0.0,0.0,0.0,0.14,0.56,3.06,6.45,15.73,21.89,18.79,17.47,9.51,4.99,1.18,0.24,0.0,0.0,0.0,0.0,0.0,0.0
56,1991,6.0,0.059000000000000004,266.74,47.24,38.24,42.74,0.0,0.0,0.0,0.09,0.99,3.39,11.68,20.9,24.15,22.13,10.92,3.91,1.22,0.52,0.05,0.05,0.0,0.0,0.0,0.0,0.0
57,1991,7.0,0.051,265.76,32.77,50.2,41.48,0.0,0.0,0.0,0.09,1.08,4.61,14.36,23.02,25.24,18.83,8.05,3.63,0.89,0.19,0.0,0.0,0.0,0.0,0.0,0.0,0.0
58,1991,8.0,0.045,265.02,24.33,60.61,42.47,0.0,0.0,0.0,0.05,1.04,5.65,12.76,21.99,20.48,18.64,10.73,6.36,2.21,0.09,0.0,0.0,0.0,0.0,0.0,0.0,0.0
59,1991,9.0,0.045,265.06,20.75,68.33,44.54,0.0,0.0,0.0,0.14,1.41,5.04,11.44,14.92,18.31,17.61,13.56,13.94,3.53,0.09,0.0,0.0,0.0,0.0,0.0,0.0,0.0
60,1991,10.0,0.049,267.58,19.92,69.11,44.52,0.0,0.0,0.0,0.33,1.98,6.92,9.65,13.47,18.55,16.76,14.92,13.37,3.95,0.09,0.0,0.0,0.0,0.0,0.0,0.0,0.0
61,1991,11.0,0.053,271.08,20.09,66.5,43.29,0.0,0.0,0.0,1.08,4.99,8.47,8.29,12.34,17.75,17.84,13.56,12.19,3.48,0.0,0.0,0.0,0.0,0.0,0.0,0.0,0.0
62,1991,12.0,0.067,276.99,23.73,54.14,38.93,0.0,0.0,0.47,2.97,9.04,10.4,11.58,17.33,19.07,13.18,7.91,5.51,2.5,0.05,0.0,0.0,0.0,0.0,0.0,0.0,0.0
63,1991,13.0,0.087,282.05,28.75,44.89,36.82,0.0,0.0,0.56,3.58,10.55,11.3,15.73,19.21,18.41,11.63,5.27,2.68,1.04,0.05,0.0,0.0,0.0,0.0,0.0,0.0,0.0
64,1991,14.0,0.11199999999999999,286.11,33.83,36.92,35.37,0.0,0.0,0.33,2.68,9.89,15.07,19.63,21.8,17.14,9.13,3.01,1.13,0.19,0.0,0.0,0.0,0.0,0.0,0.0,0.0,0.0
65,1991,15.0,0.146,289.09,40.81,33.99,37.4,0.0,0.0,0.09,0.89,4.94,13.04,21.23,22.32,19.73,10.73,5.18,1.27,0.56,0.0,0.0,0.0,0.0,0.0,0.0,0.0,0.0
66,1991,16.0,0.19399999999999998,290.91,50.17,37.23,43.7,0.0,0.0,0.0,0.09,1.08,4.47,11.16,19.63,19.82,19.44,13.65,6.69,2.64,0.99,0.24,0.09,0.0,0.0,0.0,0.0,0.0
67,1991,17.0,0.24,292.49,57.03,45.36,51.19,0.0,0.0,0.0,0.0,0.28,1.08,3.39,9.04,14.45,18.41,18.6,15.73,9.6,5.65,2.26,0.94,0.28,0.28,0.0,0.0,0.0
68,1991,18.0,0.276,294.34,60.15,53.98,57.07,0.0,0.0,0.0,0.0,0.19,0.61,1.79,4.19,8.9,12.52,15.91,17.7,13.47,11.02,6.83,3.63,2.12,0.52,0.47,0.09,0.05
69,1991,19.0,0.307,295.65,61.28,62.84,62.06,0.0,0.0,0.0,0.05,0.19,0.33,1.32,2.59,5.18,7.77,11.82,14.78,14.55,13.89,10.92,8.62,4.43,2.4,0.85,0.14,0.19
70,1991,20.0,0.332,296.02,61.46,71.57,66.52,0.0,0.0,0.0,0.09,0.05,0.38,0.94,1.55,3.53,4.85,7.39,11.91,12.95,14.78,12.99,13.09,8.15,4.33,2.35,0.56,0.09
71,1991,21.0,0.353,297.05,63.51,72.58,68.05,0.0,0.0,0.05,0.05,0.33,0.38,1.08,1.46,2.82,4.33,7.11,9.65,12.43,13.18,13.61,12.66,9.7,6.21,3.11,1.6,0.24
72,1991,22.0,0.365,298.44,63.83,67.65,65.74,0.05,0.0,0.09,0.24,0.47,0.66,1.18,1.79,3.25,6.12,8.95,10.4,13.32,13.04,12.85,10.03,8.62,5.7,1.98,0.89,0.38
73,1991,23.0,0.37,299.81,64.36,60.2,62.28,0.14,0.14,0.24,0.38,0.47,0.99,1.65,2.12,4.9,7.16,10.73,13.14,13.98,12.81,11.68,8.95,6.5,2.59,0.99,0.33,0.14
74,1991,24.0,0.366,300.56,63.64,58.75,61.2,0.09,0.14,0.42,0.47,0.61,0.94,1.55,2.45,4.61,8.24,11.3,13.14,15.02,13.47,11.91,7.53,4.94,2.35,0.66,0.14,0.0
75,1991,25.0,0.364,301.49,63.87,56.27,60.07,0.05,0.09,0.47,0.47,0.71,1.18,1.37,2.82,5.08,9.56,11.49,13.84,15.3,13.65,10.17,7.58,4.0,1.51,0.56,0.09,0.0
76,1991,26.0,0.35600000000000004,302.52,61.48,51.25,56.36,0.0,0.28,0.66,0.56,0.85,1.13,2.5,4.38,8.38,10.45,14.78,15.58,12.9,12.34,7.44,4.8,2.12,0.75,0.09,0.0,0.0
77,1991,27.0,0.342,302.99,55.82,49.36,52.59,0.0,0.24,0.85,0.8,1.18,1.74,4.76,7.63,11.58,13.79,12.71,14.27,11.63,8.9,5.08,3.3,1.22,0.33,0.0,0.0,0.0
78,1991,28.0,0.325,303.11,51.54,47.99,49.77,0.0,0.42,0.52,1.08,1.74,3.25,7.25,10.92,12.34,13.14,12.24,11.91,10.55,7.25,4.43,1.98,0.71,0.24,0.05,0.0,0.0
79,1991,29.0,0.313,303.48,50.07,44.26,47.17,0.0,0.38,0.71,1.6,2.97,5.84,10.73,10.73,12.1,11.82,11.96,10.73,9.04,6.12,3.3,1.27,0.42,0.28,0.0,0.0,0.0
80,1991,30.0,0.3,303.93,49.17,39.71,44.44,0.0,0.52,1.18,2.17,5.18,8.52,10.17,11.25,12.48,11.86,12.29,8.85,7.53,4.57,2.07,0.94,0.38,0.05,0.0,0.0,0.0
81,1991,31.0,0.28,303.68,45.77,40.74,43.25,0.14,0.38,1.32,2.68,6.17,9.09,9.93,12.24,12.01,12.71,12.24,8.62,6.17,3.53,1.65,0.71,0.38,0.05,0.0,0.0,0.0
82,1991,32.0,0.262,302.89,42.63,44.87,43.75,0.05,0.33,1.08,2.78,5.08,8.43,10.22,11.58,12.57,13.65,12.24,9.75,5.65,3.91,1.55,0.75,0.33,0.05,0.0,0.0,0.0
83,1991,33.0,0.248,301.96,40.31,50.37,45.34,0.0,0.14,0.89,2.02,4.9,7.02,9.23,9.65,14.27,14.88,11.11,10.73,7.77,4.05,1.93,0.66,0.71,0.05,0.0,0.0,0.0
84,1991,34.0,0.239,300.99,39.96,55.41,47.68,0.0,0.14,0.38,1.74,3.81,5.04,7.86,10.17,12.52,13.56,14.03,11.21,8.8,5.93,2.59,1.27,0.71,0.24,0.0,0.0,0.0
85,1991,35.0,0.22899999999999998,299.98,39.46,57.32,48.39,0.0,0.09,0.52,2.17,2.82,4.99,6.92,10.59,11.35,13.18,14.55,11.58,9.42,5.79,3.63,1.41,0.71,0.19,0.09,0.0,0.0
86,1991,36.0,0.215,298.91,37.94,53.56,45.75,0.0,0.52,0.94,2.82,3.63,7.02,8.9,10.64,12.29,14.17,12.1,10.59,7.16,4.85,2.5,1.18,0.56,0.14,0.0,0.0,0.0
87,1991,37.0,0.205,297.83,38.31,46.25,42.28,0.33,0.99,2.54,3.3,5.13,8.19,10.55,12.66,12.66,13.37,10.36,8.15,5.41,3.81,1.37,0.75,0.38,0.05,0.0,0.0,0.0
88,1991,38.0,0.19699999999999998,297.07,41.97,35.68,38.82,1.27,1.93,3.58,4.33,6.73,9.51,12.1,13.04,13.47,10.36,9.18,6.92,4.05,2.07,0.94,0.33,0.14,0.05,0.0,0.0,0.0
89,1991,39.0,0.188,295.92,45.57,27.62,36.59,1.55,2.07,3.77,5.41,8.15,11.3,12.66,14.41,11.58,11.44,7.53,5.32,2.54,0.99,1.04,0.09,0.14,0.0,0.0,0.0,0.0
90,1991,40.0,0.17300000000000001,293.38,44.46,30.33,37.4,0.52,2.02,3.44,4.8,7.58,10.97,14.03,14.78,13.18,9.98,8.8,4.94,2.45,1.13,0.94,0.28,0.14,0.0,0.0,0.0,0.0
91,1991,41.0,0.154,290.34,40.24,32.86,36.55,0.09,1.65,3.11,5.32,8.9,12.24,14.64,15.44,12.29,10.4,7.86,4.57,2.12,1.04,0.24,0.05,0.05,0.0,0.0,0.0,0.0
92,1991,42.0,0.141,287.46,39.71,31.94,35.83,0.09,1.13,2.78,6.12,8.66,13.51,16.05,15.96,12.52,10.17,6.69,3.67,1.98,0.38,0.19,0.09,0.0,0.0,0.0,0.0,0.0
93,1991,43.0,0.126,283.47,38.77,39.75,39.26,0.0,0.19,0.75,3.39,7.11,10.59,14.69,16.71,15.02,12.66,10.08,5.37,2.07,1.04,0.28,0.0,0.05,0.0,0.0,0.0,0.0
94,1991,44.0,0.106,279.56,34.36,42.0,38.18,0.0,0.0,0.19,1.6,6.97,12.01,17.89,20.53,16.76,12.38,7.82,2.4,1.13,0.28,0.0,0.05,0.0,0.0,0.0,0.0,0.0
95,1991,45.0,0.08800000000000001,276.2,30.33,43.37,36.85,0.0,0.0,0.28,2.17,6.64,13.28,21.0,22.46,16.9,9.46,4.66,2.21,0.56,0.33,0.05,0.0,0.0,0.0,0.0,0.0,0.0
96,1991,46.0,0.076,273.36,29.01,44.43,36.72,0.0,0.0,0.19,2.31,5.79,13.09,21.14,24.2,17.8,8.38,4.9,1.46,0.56,0.19,0.0,0.0,0.0,0.0,0.0,0.0,0.0
97,1991,47.0,0.068,270.4,28.32,47.32,37.82,0.0,0.0,0.19,1.37,4.99,11.53,17.66,24.76,20.2,11.35,5.79,1.65,0.52,0.0,0.0,0.0,0.0,0.0,0.0,0.0,0.0
98,1991,48.0,0.059000000000000004,267.58,26.57,48.35,37.46,0.0,0.0,0.09,0.85,4.28,11.68,21.14,25.47,20.15,10.08,4.33,1.46,0.47,0.0,0.0,0.0,0.0,0.0,0.0,0.0,0.0
99,1991,49.0,0.05,265.1,24.04,48.94,36.49,0.0,0.0,0.05,0.89,4.43,13.56,24.76,26.55,16.85,8.19,3.15,0.99,0.56,0.0,0.0,0.0,0.0,0.0,0.0,0.0,0.0
100,1991,50.0,0.046,263.84,25.49,46.66,36.07,0.0,0.0,0.05,0.66,4.99,14.08,27.45,25.33,16.05,7.3,2.5,1.27,0.28,0.05,0.0,0.0,0.0,0.0,0.0,0.0,0.0
101,1991,51.0,0.045,263.67,28.79,40.44,34.61,0.0,0.0,0.19,1.22,7.96,18.74,27.68,21.61,12.99,6.07,2.54,0.56,0.38,0.05,0.0,0.0,0.0,0.0,0.0,0.0,0.0
102,1991,52.0,0.044000000000000004,263.22,31.22,37.31,34.27,0.0,0.05,0.09,2.31,10.03,19.02,24.58,20.24,14.17,5.98,2.35,0.61,0.56,0.0,0.0,0.0,0.0,0.0,0.0,0.0,0.0
103,1992,1.0,0.043,261.74,36.16,42.6,39.38,0.0,0.05,0.14,0.99,4.43,10.83,16.67,21.75,18.5,13.61,7.06,3.58,1.41,0.75,0.09,0.14,0.0,0.0,0.0,0.0,0.0
104,1992,2.0,0.042,260.64,36.88,46.03,41.45,0.0,0.0,0.09,0.56,3.01,7.58,16.1,19.73,19.21,14.27,10.26,4.99,2.73,0.8,0.42,0.19,0.05,0.0,0.0,0.0,0.0
105,1992,3.0,0.042,260.15,38.59,48.62,43.61,0.0,0.0,0.05,0.42,1.46,5.46,11.63,18.69,21.75,16.05,10.55,6.97,4.0,2.07,0.75,0.14,0.0,0.0,0.0,0.0,0.0
106,1992,4.0,0.04,259.88,36.47,53.51,44.99,0.0,0.0,0.0,0.24,1.27,3.77,9.75,17.7,20.67,17.94,12.43,7.86,5.23,2.02,1.04,0.09,0.0,0.0,0.0,0.0,0.0
107,1992,5.0,0.038,259.64,31.87,60.31,46.09,0.0,0.0,0.0,0.05,0.89,2.73,7.58,15.82,20.95,19.96,13.84,9.32,5.7,2.45,0.66,0.05,0.0,0.0,0.0,0.0,0.0
108,1992,6.0,0.038,260.82,28.88,61.84,45.36,0.0,0.0,0.0,0.05,0.61,2.5,7.91,17.0,22.93,20.53,13.7,8.29,5.13,1.18,0.19,0.0,0.0,0.0,0.0,0.0,0.0
109,1992,7.0,0.042,262.83,26.09,61.6,43.85,0.0,0.0,0.0,0.0,0.47,2.59,9.7,20.86,25.33,19.73,10.92,7.2,2.82,0.38,0.0,0.0,0.0,0.0,0.0,0.0,0.0
110,1992,8.0,0.045,265.68,24.31,58.31,41.31,0.0,0.0,0.0,0.0,0.42,3.63,14.92,26.74,26.6,14.41,8.66,4.05,0.56,0.0,0.0,0.0,0.0,0.0,0.0,0.0,0.0
111,1992,9.0,0.051,269.27,24.8,52.98,38.89,0.0,0.0,0.0,0.0,0.66,6.59,23.12,29.43,23.16,10.26,4.52,1.93,0.33,0.0,0.0,0.0,0.0,0.0,0.0,0.0,0.0
112,1992,10.0,0.06,273.59,25.94,47.06,36.5,0.0,0.0,0.0,0.09,1.69,12.95,31.07,29.61,13.42,6.45,3.25,1.13,0.28,0.05,0.0,0.0,0.0,0.0,0.0,0.0,0.0
113,1992,11.0,0.07400000000000001,277.61,29.9,41.25,35.57,0.0,0.0,0.0,0.14,3.77,16.34,29.14,28.2,14.08,4.99,2.17,1.04,0.09,0.05,0.0,0.0,0.0,0.0,0.0,0.0,0.0
114,1992,12.0,0.091,281.58,34.32,35.42,34.87,0.0,0.0,0.0,0.61,5.89,17.33,27.97,27.31,14.31,4.28,1.55,0.61,0.09,0.0,0.05,0.0,0.0,0.0,0.0,0.0,0.0
115,1992,13.0,0.10800000000000001,284.33,37.34,35.43,36.38,0.0,0.0,0.0,0.56,4.94,12.52,25.56,26.79,18.64,7.34,2.54,0.89,0.14,0.05,0.0,0.0,0.0,0.0,0.0,0.0,0.0
116,1992,14.0,0.129,286.52,40.62,35.19,37.91,0.0,0.0,0.0,0.24,2.68,9.79,20.76,29.76,21.37,10.59,3.44,1.04,0.19,0.14,0.0,0.0,0.0,0.0,0.0,0.0,0.0
117,1992,15.0,0.151,288.2,42.66,37.89,40.27,0.0,0.0,0.0,0.05,1.27,6.07,15.49,26.6,25.38,16.43,6.26,1.79,0.47,0.14,0.05,0.0,0.0,0.0,0.0,0.0,0.0
118,1992,16.0,0.179,290.24,44.96,40.7,42.83,0.0,0.0,0.0,0.05,0.61,3.3,10.78,21.89,26.88,19.16,11.39,3.86,1.65,0.24,0.14,0.05,0.0,0.0,0.0,0.0,0.0
119,1992,17.0,0.215,292.66,48.23,44.34,46.29,0.0,0.0,0.0,0.0,0.42,1.69,6.36,15.63,21.19,22.65,16.38,9.27,4.38,1.32,0.52,0.19,0.0,0.0,0.0,0.0,0.0
120,1992,18.0,0.253,294.21,51.65,54.87,53.26,0.0,0.0,0.0,0.05,0.05,0.66,1.84,6.21,11.49,17.75,19.35,18.79,11.58,7.25,3.06,1.32,0.42,0.19,0.0,0.0,0.0
121,1992,19.0,0.282,295.19,51.33,67.01,59.17,0.0,0.0,0.0,0.05,0.0,0.42,0.99,2.68,5.89,10.64,14.92,17.28,17.33,12.9,8.9,5.13,2.02,0.56,0.28,0.0,0.0
122,1992,20.0,0.304,295.64,49.75,75.17,62.46,0.0,0.0,0.0,0.0,0.05,0.24,0.8,1.74,3.91,7.2,12.29,15.11,16.29,16.2,12.38,7.3,4.52,1.37,0.52,0.09,0.0
123,1992,21.0,0.322,295.7,49.28,84.48,66.88,0.0,0.0,0.0,0.0,0.05,0.0,0.24,0.89,1.88,3.81,7.34,12.38,14.5,18.83,15.58,13.14,7.44,2.92,0.89,0.09,0.0
124,1992,22.0,0.33299999999999996,295.83,47.55,90.34,68.94,0.0,0.0,0.0,0.0,0.05,0.0,0.33,0.52,0.94,2.5,5.41,10.45,13.89,17.47,17.98,15.02,10.83,3.67,0.8,0.09,0.05
125,1992,23.0,0.34299999999999997,295.89,49.6,94.08,71.84,0.0,0.0,0.0,0.0,0.0,0.0,0.14,0.28,0.56,1.55,4.05,6.31,11.91,15.11,19.49,17.04,14.31,7.06,1.93,0.19,0.05
126,1992,24.0,0.353,296.57,55.71,93.86,74.78,0.0,0.0,0.0,0.0,0.0,0.0,0.09,0.24,0.38,1.08,3.11,4.28,7.58,13.84,16.34,19.92,16.1,10.88,4.52,1.51,0.14
127,1992,25.0,0.35700000000000004,297.65,59.85,89.8,74.82,0.0,0.0,0.0,0.0,0.0,0.0,0.05,0.38,0.66,1.51,3.44,4.14,7.49,13.61,15.11,18.88,16.53,10.64,4.99,2.26,0.33
128,1992,26.0,0.353,298.47,59.45,85.04,72.24,0.0,0.0,0.0,0.0,0.0,0.05,0.14,0.33,1.22,1.98,4.0,6.03,11.96,14.64,16.9,17.28,13.42,6.54,3.44,1.6,0.47
129,1992,27.0,0.34600000000000003,299.04,57.97,80.54,69.26,0.0,0.0,0.0,0.0,0.05,0.0,0.33,0.33,1.08,3.58,5.6,8.9,14.08,18.03,16.9,14.31,8.9,4.33,2.31,1.08,0.19
130,1992,28.0,0.335,299.68,56.53,73.35,64.94,0.0,0.0,0.0,0.0,0.05,0.19,0.33,1.18,2.68,5.46,8.76,12.71,19.11,16.76,14.6,9.51,4.38,2.68,1.32,0.24,0.05
131,1992,29.0,0.32899999999999996,300.69,58.02,64.44,61.23,0.0,0.0,0.0,0.0,0.19,0.38,1.27,3.06,4.38,7.06,12.01,15.54,17.98,15.91,10.31,6.17,3.53,1.41,0.71,0.09,0.0
132,1992,30.0,0.318,301.49,58.21,57.16,57.68,0.0,0.0,0.0,0.14,0.52,1.13,2.82,3.63,6.45,9.89,14.74,15.96,17.89,12.24,6.97,4.47,2.17,0.89,0.09,0.0,0.0
133,1992,31.0,0.301,301.8,56.29,53.79,55.04,0.0,0.05,0.05,0.28,0.85,2.26,3.67,4.99,7.53,11.3,16.29,17.14,15.87,9.04,5.7,3.15,1.27,0.52,0.05,0.0,0.0
134,1992,32.0,0.28300000000000003,301.93,53.7,51.04,52.37,0.0,0.05,0.28,0.47,1.98,2.4,5.04,6.07,8.76,14.36,15.68,18.17,11.86,7.44,4.38,2.12,0.85,0.09,0.0,0.0,0.0
135,1992,33.0,0.268,301.98,50.65,48.98,49.81,0.0,0.09,0.33,1.46,2.31,3.06,5.84,7.67,11.39,15.35,17.23,14.6,10.17,5.51,2.97,1.55,0.42,0.05,0.0,0.0,0.0
136,1992,34.0,0.251,301.45,46.04,50.43,48.23,0.05,0.05,0.56,1.22,2.31,4.19,5.89,9.79,13.37,16.43,16.76,12.66,8.62,4.14,2.5,0.99,0.42,0.05,0.0,0.0,0.0
137,1992,35.0,0.226,299.94,38.05,56.13,47.09,0.05,0.05,0.66,0.85,2.82,3.91,6.73,10.97,15.4,17.23,17.18,10.5,7.25,3.77,1.79,0.56,0.24,0.05,0.0,0.0,0.0
138,1992,36.0,0.201,297.55,30.14,63.16,46.65,0.0,0.09,0.09,1.08,1.79,4.52,7.3,12.76,15.4,18.69,15.77,10.88,6.4,3.25,0.99,0.75,0.19,0.05,0.0,0.0,0.0
139,1992,37.0,0.174,295.01,21.09,69.66,45.37,0.0,0.0,0.05,0.52,1.98,5.74,8.8,14.74,17.42,17.37,14.31,10.12,4.66,2.35,1.37,0.42,0.09,0.05,0.0,0.0,0.0
140,1992,38.0,0.152,292.62,16.22,76.55,46.38,0.0,0.0,0.0,0.19,1.22,3.81,9.56,13.09,16.48,18.64,17.14,9.98,5.37,3.2,0.75,0.47,0.05,0.05,0.0,0.0,0.0
141,1992,39.0,0.135,289.98,14.28,84.79,49.53,0.0,0.0,0.0,0.05,0.33,1.51,4.43,8.95,15.49,19.4,22.83,13.37,8.15,3.39,1.41,0.42,0.24,0.05,0.0,0.0,0.0
142,1992,40.0,0.121,287.11,14.67,89.63,52.15,0.0,0.0,0.0,0.0,0.05,0.94,1.6,4.9,10.78,16.67,29.57,18.74,10.64,3.77,1.74,0.28,0.28,0.05,0.0,0.0,0.0
143,1992,41.0,0.109,283.66,15.72,93.34,54.53,0.0,0.0,0.0,0.05,0.05,0.47,1.27,2.78,4.99,9.6,31.64,27.12,15.02,5.32,1.13,0.38,0.19,0.0,0.0,0.0,0.0
144,1992,42.0,0.095,280.16,16.25,92.73,54.49,0.0,0.0,0.0,0.05,0.09,0.14,1.18,3.48,5.23,8.8,28.2,33.05,15.68,3.11,0.71,0.19,0.09,0.0,0.0,0.0,0.0
145,1992,43.0,0.078,276.46,14.93,88.73,51.83,0.0,0.0,0.0,0.0,0.05,0.75,2.78,5.27,10.22,13.23,27.5,29.85,8.9,1.27,0.14,0.05,0.0,0.0,0.0,0.0,0.0
146,1992,44.0,0.065,272.23,14.01,83.92,48.97,0.0,0.0,0.0,0.0,0.28,2.5,5.27,9.42,14.64,14.5,22.88,24.86,5.41,0.24,0.0,0.0,0.0,0.0,0.0,0.0,0.0
147,1992,45.0,0.059000000000000004,269.09,15.2,79.94,47.57,0.0,0.0,0.0,0.14,1.37,3.15,6.78,12.48,14.08,15.16,19.11,21.05,6.64,0.05,0.0,0.0,0.0,0.0,0.0,0.0,0.0
148,1992,46.0,0.055999999999999994,266.67,18.22,76.26,47.24,0.0,0.0,0.0,0.24,1.88,3.63,7.44,12.43,15.3,14.5,17.23,17.42,9.04,0.89,0.0,0.0,0.0,0.0,0.0,0.0,0.0
149,1992,47.0,0.054000000000000006,264.64,20.47,73.44,46.96,0.0,0.0,0.0,0.38,2.12,3.81,8.15,12.38,15.02,15.49,16.43,15.25,9.46,1.41,0.09,0.0,0.0,0.0,0.0,0.0,0.0
150,1992,48.0,0.053,262.94,22.94,68.17,45.55,0.0,0.0,0.0,0.42,2.4,4.76,9.04,13.94,17.33,16.62,14.83,10.97,8.05,1.46,0.19,0.0,0.0,0.0,0.0,0.0,0.0
151,1992,49.0,0.052000000000000005,261.44,25.77,63.73,44.75,0.0,0.0,0.0,0.28,1.79,5.93,9.23,16.95,18.79,16.62,12.38,8.8,7.34,1.65,0.19,0.05,0.0,0.0,0.0,0.0,0.0
152,1992,50.0,0.052000000000000005,261.1,29.67,57.66,43.66,0.0,0.0,0.0,0.28,1.22,6.36,11.53,19.11,20.9,14.74,11.63,6.78,5.51,1.55,0.28,0.05,0.05,0.0,0.0,0.0,0.0
153,1992,51.0,0.051,261.81,34.79,47.85,41.32,0.0,0.0,0.0,0.09,1.84,8.47,16.38,22.46,18.46,14.78,8.66,4.52,2.59,1.27,0.33,0.05,0.09,0.0,0.0,0.0,0.0
154,1992,52.0,0.051,262.46,39.43,40.18,39.81,0.0,0.0,0.0,0.38,3.58,11.3,20.1,20.95,16.53,11.44,7.72,3.77,2.68,1.18,0.28,0.09,0.0,0.0,0.0,0.0,0.0
155,1993,1.0,0.051,263.21,47.08,35.89,41.49,0.0,0.0,0.0,0.71,3.86,10.17,15.73,19.54,16.48,11.53,9.18,5.56,4.0,1.69,0.99,0.52,0.05,0.0,0.0,0.0,0.0
156,1993,2.0,0.051,263.72,49.8,32.24,41.02,0.0,0.0,0.19,1.18,6.07,10.08,15.07,18.31,15.58,11.25,9.18,6.21,3.86,1.79,0.89,0.24,0.09,0.0,0.0,0.0,0.0
157,1993,3.0,0.051,265.57,51.27,25.26,38.27,0.0,0.0,0.19,2.87,8.43,13.28,16.38,18.55,13.51,11.21,7.67,4.24,2.21,1.13,0.24,0.09,0.0,0.0,0.0,0.0,0.0
158,1993,4.0,0.053,267.24,52.15,22.64,37.4,0.0,0.0,0.38,3.63,8.66,14.97,16.48,16.9,15.25,10.03,7.2,3.72,1.88,0.66,0.19,0.05,0.0,0.0,0.0,0.0,0.0
159,1993,5.0,0.054000000000000006,267.91,49.88,26.11,38.0,0.0,0.0,0.09,1.69,7.58,14.92,17.47,17.61,16.57,10.36,8.0,3.3,1.6,0.75,0.05,0.0,0.0,0.0,0.0,0.0,0.0
160,1993,6.0,0.054000000000000006,268.98,43.66,28.88,36.27,0.0,0.0,0.0,1.18,7.39,17.23,22.41,19.49,15.73,9.13,5.04,1.74,0.47,0.19,0.0,0.0,0.0,0.0,0.0,0.0,0.0
161,1993,7.0,0.053,269.76,35.29,34.41,34.85,0.0,0.0,0.0,1.18,7.86,18.74,26.74,21.94,13.37,6.21,2.78,0.8,0.33,0.05,0.0,0.0,0.0,0.0,0.0,0.0,0.0
162,1993,8.0,0.051,270.73,29.13,39.25,34.19,0.0,0.0,0.0,0.66,6.64,20.34,30.93,23.68,10.55,4.76,1.46,0.8,0.19,0.0,0.0,0.0,0.0,0.0,0.0,0.0,0.0
163,1993,9.0,0.052000000000000005,272.51,25.95,41.08,33.52,0.0,0.0,0.0,0.47,6.69,22.13,34.42,22.32,9.27,3.06,0.99,0.52,0.14,0.0,0.0,0.0,0.0,0.0,0.0,0.0,0.0
164,1993,10.0,0.054000000000000006,274.36,23.27,44.39,33.83,0.0,0.0,0.0,0.38,5.37,22.93,33.52,22.74,9.93,3.2,1.32,0.61,0.0,0.0,0.0,0.0,0.0,0.0,0.0,0.0,0.0
165,1993,11.0,0.057,276.25,22.35,46.63,34.49,0.0,0.0,0.0,0.28,4.28,21.99,29.61,24.95,13.28,3.63,1.18,0.71,0.09,0.0,0.0,0.0,0.0,0.0,0.0,0.0,0.0
166,1993,12.0,0.065,278.31,23.14,48.51,35.82,0.0,0.0,0.0,0.28,5.41,18.36,22.41,25.47,17.61,7.02,2.02,1.08,0.33,0.0,0.0,0.0,0.0,0.0,0.0,0.0,0.0
167,1993,13.0,0.075,280.84,23.85,49.47,36.66,0.0,0.0,0.0,0.61,5.93,15.4,19.59,25.28,18.31,10.22,2.87,1.32,0.42,0.05,0.0,0.0,0.0,0.0,0.0,0.0,0.0
168,1993,14.0,0.091,283.81,26.0,46.12,36.06,0.0,0.0,0.0,0.85,6.45,15.35,23.4,24.67,16.71,7.77,3.15,1.08,0.52,0.05,0.0,0.0,0.0,0.0,0.0,0.0,0.0
169,1993,15.0,0.11800000000000001,287.16,30.48,42.49,36.48,0.0,0.0,0.05,0.56,4.43,13.7,25.47,26.51,17.14,7.82,2.64,1.18,0.33,0.19,0.0,0.0,0.0,0.0,0.0,0.0,0.0
170,1993,16.0,0.155,290.43,36.37,39.88,38.12,0.0,0.0,0.0,0.42,2.78,10.69,21.33,27.31,19.96,10.08,4.57,1.74,0.8,0.19,0.14,0.0,0.0,0.0,0.0,0.0,0.0
171,1993,17.0,0.196,293.09,41.48,42.32,41.9,0.0,0.0,0.0,0.14,1.18,5.98,14.78,21.42,23.26,16.05,9.32,4.57,2.02,0.75,0.42,0.05,0.05,0.0,0.0,0.0,0.0
172,1993,18.0,0.23399999999999999,294.62,44.77,52.42,48.59,0.0,0.0,0.0,0.05,0.19,1.41,5.56,12.19,18.22,20.57,17.8,11.44,6.45,3.44,1.79,0.75,0.09,0.05,0.0,0.0,0.0
173,1993,19.0,0.272,295.93,47.4,61.08,54.24,0.0,0.0,0.0,0.0,0.14,0.52,2.4,6.17,10.12,16.38,18.93,15.68,13.51,7.91,4.76,2.21,0.99,0.09,0.14,0.05,0.0
174,1993,20.0,0.311,296.28,52.37,70.01,61.19,0.0,0.0,0.0,0.0,0.05,0.24,0.8,1.88,5.41,8.47,11.63,16.34,17.66,15.11,11.86,6.45,2.73,0.89,0.28,0.19,0.0
175,1993,21.0,0.348,296.79,60.72,75.2,67.96,0.0,0.0,0.0,0.0,0.0,0.05,0.24,0.71,1.74,3.72,6.12,10.59,14.03,17.75,18.03,14.03,8.0,3.39,1.04,0.47,0.09
176,1993,22.0,0.373,297.75,67.28,73.96,70.62,0.0,0.0,0.0,0.0,0.0,0.05,0.14,0.85,1.08,2.45,3.81,7.3,12.62,16.71,18.17,17.04,10.69,6.45,1.98,0.61,0.05
177,1993,23.0,0.386,298.59,72.05,71.03,71.54,0.0,0.0,0.0,0.0,0.0,0.0,0.09,0.71,1.18,1.93,3.39,7.34,10.88,16.57,17.42,18.41,11.21,7.58,2.73,0.42,0.14
178,1993,24.0,0.38799999999999996,299.01,74.57,72.65,73.61,0.0,0.0,0.0,0.0,0.0,0.0,0.05,0.38,0.89,1.04,3.11,5.84,8.95,14.45,18.08,17.66,15.25,8.71,4.57,0.85,0.19
179,1993,25.0,0.38799999999999996,299.19,75.91,76.75,76.33,0.0,0.0,0.0,0.0,0.0,0.0,0.05,0.24,0.71,0.75,1.88,3.67,7.39,10.92,17.23,17.61,17.66,12.81,6.26,2.5,0.33
180,1993,26.0,0.38,299.53,73.45,76.86,75.15,0.0,0.0,0.0,0.0,0.0,0.0,0.0,0.38,0.47,1.18,2.31,3.67,9.09,12.99,17.37,17.56,16.95,9.98,5.7,2.02,0.33
181,1993,27.0,0.373,300.71,71.43,68.12,69.78,0.0,0.0,0.0,0.0,0.0,0.0,0.05,0.61,1.08,3.15,4.9,9.04,14.45,16.76,16.71,14.45,10.45,5.32,2.12,0.85,0.05
182,1993,28.0,0.36,301.73,68.42,58.64,63.53,0.0,0.0,0.0,0.0,0.0,0.05,0.56,1.65,3.81,5.89,11.39,14.74,17.14,15.77,11.96,9.13,4.66,2.26,0.8,0.19,0.0
183,1993,29.0,0.34600000000000003,302.52,66.42,51.44,58.93,0.0,0.0,0.0,0.0,0.09,0.33,1.32,3.3,7.34,10.78,14.55,16.57,16.24,11.82,7.67,5.7,2.82,0.75,0.61,0.09,0.0
184,1993,30.0,0.331,303.15,64.44,45.35,54.9,0.0,0.0,0.0,0.05,0.14,1.27,2.59,6.07,10.59,13.7,16.71,16.81,12.62,8.85,5.65,3.06,1.27,0.42,0.19,0.0,0.0
185,1993,31.0,0.309,303.18,59.79,43.98,51.89,0.0,0.0,0.0,0.09,0.38,2.17,4.0,8.29,14.55,14.5,17.89,14.17,11.21,6.78,3.11,1.84,0.61,0.38,0.05,0.0,0.0
186,1993,32.0,0.281,302.65,51.82,46.09,48.95,0.0,0.0,0.0,0.38,1.18,2.4,6.97,12.15,15.11,17.18,14.97,11.72,9.18,4.71,1.79,1.46,0.52,0.28,0.0,0.0,0.0
187,1993,33.0,0.257,301.37,44.45,54.3,49.38,0.0,0.0,0.05,0.14,0.85,2.78,6.4,11.82,15.68,17.42,14.45,12.57,7.91,4.85,2.92,1.27,0.66,0.24,0.0,0.0,0.0
188,1993,34.0,0.24100000000000002,300.14,40.66,61.45,51.06,0.0,0.0,0.0,0.09,0.61,2.5,5.84,9.18,13.94,17.56,14.83,12.95,9.13,5.89,4.0,1.98,0.89,0.42,0.19,0.0,0.0
189,1993,35.0,0.231,299.06,39.93,64.24,52.09,0.0,0.0,0.0,0.14,0.99,2.64,5.93,8.85,12.19,15.68,15.11,11.96,9.23,7.25,4.47,3.06,1.32,0.85,0.28,0.05,0.0
190,1993,36.0,0.22,297.73,40.27,62.64,51.45,0.0,0.0,0.09,0.28,1.51,3.81,6.12,9.56,11.96,14.97,13.14,11.49,9.75,7.2,4.61,3.01,1.51,0.71,0.28,0.0,0.0
191,1993,37.0,0.20800000000000002,296.29,39.81,59.1,49.46,0.0,0.0,0.33,0.8,2.21,4.9,8.15,10.83,13.09,13.42,12.19,10.55,8.19,6.92,3.67,2.68,1.27,0.66,0.14,0.0,0.0
192,1993,38.0,0.191,294.58,38.31,58.71,48.51,0.0,0.09,0.33,1.37,3.06,5.04,8.66,10.73,13.42,13.32,11.72,10.22,8.1,5.56,4.1,1.93,1.37,0.85,0.09,0.05,0.0
193,1993,39.0,0.172,292.78,35.86,58.28,47.07,0.0,0.19,0.42,1.22,3.53,6.45,8.8,11.21,14.5,13.18,12.43,10.22,7.11,4.52,3.25,0.99,1.18,0.42,0.28,0.09,0.0
194,1993,40.0,0.147,290.58,29.61,57.4,43.51,0.0,0.05,0.61,2.07,4.14,7.86,12.05,13.09,15.3,14.55,12.38,8.33,4.61,2.5,1.18,0.71,0.42,0.14,0.0,0.0,0.0
195,1993,41.0,0.121,287.82,22.47,56.36,39.42,0.0,0.09,0.94,2.78,6.87,10.88,14.27,15.87,17.75,12.29,9.56,5.08,2.17,0.94,0.38,0.14,0.0,0.0,0.0,0.0,0.0
196,1993,42.0,0.10099999999999999,284.81,19.51,54.69,37.1,0.0,0.14,0.99,3.95,8.62,13.42,16.62,17.51,15.35,10.97,6.45,3.95,1.46,0.52,0.05,0.0,0.0,0.0,0.0,0.0,0.0
197,1993,43.0,0.086,282.04,19.28,50.25,34.77,0.05,0.24,1.41,5.46,11.49,16.71,17.33,17.04,14.03,7.39,4.47,2.64,1.32,0.42,0.0,0.0,0.0,0.0,0.0,0.0,0.0
198,1993,44.0,0.076,279.35,19.76,43.36,31.56,0.09,0.38,2.5,8.8,16.05,18.88,19.21,16.05,8.19,4.85,2.73,1.13,0.75,0.38,0.0,0.0,0.0,0.0,0.0,0.0,0.0
199,1993,45.0,0.068,277.02,20.11,38.9,29.51,0.19,0.75,4.76,12.05,18.36,19.59,17.75,11.63,6.69,3.86,2.4,0.89,0.66,0.28,0.09,0.05,0.0,0.0,0.0,0.0,0.0
200,1993,46.0,0.063,274.77,22.42,37.05,29.74,0.19,1.27,5.23,11.96,18.22,19.11,15.77,11.96,6.78,3.58,2.73,1.65,0.89,0.19,0.24,0.14,0.05,0.05,0.0,0.0,0.0
201,1993,47.0,0.061,273.05,25.29,34.12,29.7,0.52,1.69,6.5,12.9,16.38,19.07,15.35,11.68,5.84,3.01,2.02,1.93,1.46,0.66,0.47,0.28,0.19,0.05,0.0,0.0,0.0
202,1993,48.0,0.063,272.24,29.75,27.08,28.41,1.13,3.67,9.13,13.89,17.84,17.0,12.76,9.27,3.67,3.39,1.88,1.79,1.93,1.13,1.04,0.38,0.09,0.0,0.0,0.0,0.0
203,1993,49.0,0.065,271.64,33.94,21.1,27.52,2.21,5.08,10.69,14.6,17.42,16.67,10.45,6.78,3.86,2.78,2.07,1.98,2.4,2.02,0.94,0.05,0.0,0.0,0.0,0.0,0.0
204,1993,50.0,0.065,270.96,38.66,16.85,27.75,2.97,5.41,10.08,14.27,17.84,15.49,9.79,6.12,4.38,2.87,2.64,1.79,3.15,2.54,0.66,0.0,0.0,0.0,0.0,0.0,0.0
205,1993,51.0,0.065,270.68,44.55,12.08,28.31,2.78,5.32,8.76,13.56,19.21,14.31,9.32,5.98,4.9,3.67,3.77,3.77,3.39,1.22,0.05,0.0,0.0,0.0,0.0,0.0,0.0
206,1993,52.0,0.066,270.14,50.58,10.74,30.66,1.98,2.59,7.06,11.86,17.04,16.29,10.31,7.82,5.79,4.19,6.92,4.47,3.15,0.47,0.05,0.0,0.0,0.0,0.0,0.0,0.0
207,1994,1.0,0.067,267.95,61.51,16.96,39.23,0.38,0.56,1.74,3.44,7.39,11.82,16.01,13.42,10.31,8.47,13.7,5.89,5.32,1.46,0.09,0.0,0.0,0.0,0.0,0.0,0.0
208,1994,2.0,0.068,265.25,66.4,25.92,46.16,0.05,0.0,0.09,0.47,2.35,6.07,9.09,12.62,16.24,13.14,16.62,9.46,7.58,4.61,1.37,0.19,0.05,0.0,0.0,0.0,0.0
209,1994,3.0,0.07200000000000001,264.11,72.38,31.41,51.89,0.0,0.0,0.0,0.0,0.14,2.21,4.71,7.86,13.75,13.89,18.46,14.69,11.39,6.97,3.81,1.37,0.75,0.0,0.0,0.0,0.0
210,1994,4.0,0.066,263.52,66.34,37.86,52.1,0.0,0.0,0.0,0.09,0.42,1.88,4.76,9.27,12.19,14.92,15.87,15.21,11.35,7.02,3.91,1.88,1.08,0.09,0.05,0.0,0.0
211,1994,5.0,0.064,263.14,60.66,45.47,53.06,0.0,0.0,0.0,0.05,0.33,0.94,3.63,7.44,11.96,15.16,16.95,17.14,12.81,7.39,3.15,1.6,0.75,0.66,0.05,0.0,0.0
212,1994,6.0,0.062,262.98,51.31,52.97,52.14,0.0,0.0,0.0,0.0,0.09,1.27,3.06,7.82,12.15,16.71,19.82,17.7,12.05,5.18,2.54,0.71,0.75,0.09,0.05,0.0,0.0
213,1994,7.0,0.059000000000000004,262.64,40.24,62.0,51.12,0.0,0.0,0.0,0.0,0.05,0.99,3.86,8.0,13.56,17.7,21.37,17.37,9.04,5.32,2.12,0.47,0.14,0.0,0.0,0.0,0.0
214,1994,8.0,0.055999999999999994,263.63,32.31,65.48,48.9,0.0,0.0,0.0,0.0,0.14,1.04,5.6,9.79,16.71,22.32,19.3,13.65,7.67,3.2,0.42,0.14,0.0,0.0,0.0,0.0,0.0
215,1994,9.0,0.055,264.12,27.54,70.98,49.26,0.0,0.0,0.0,0.0,0.14,0.85,5.46,11.3,15.68,20.76,16.29,14.88,11.44,2.82,0.38,0.0,0.0,0.0,0.0,0.0,0.0
216,1994,10.0,0.054000000000000006,265.73,23.01,74.25,48.63,0.0,0.0,0.0,0.0,0.24,1.69,6.92,13.56,14.5,16.53,15.58,17.09,12.81,1.08,0.0,0.0,0.0,0.0,0.0,0.0,0.0
217,1994,11.0,0.055,269.22,21.25,71.99,46.62,0.0,0.0,0.0,0.09,1.04,5.65,12.43,10.92,13.18,13.14,15.21,17.84,10.03,0.47,0.0,0.0,0.0,0.0,0.0,0.0,0.0
218,1994,12.0,0.06,274.2,21.06,64.54,42.8,0.0,0.0,0.0,0.89,6.21,11.53,11.91,11.06,12.52,13.32,12.57,13.61,6.12,0.24,0.0,0.0,0.0,0.0,0.0,0.0,0.0
219,1994,13.0,0.07,279.26,22.08,55.92,39.0,0.0,0.0,0.19,3.25,10.03,11.91,14.31,14.88,12.71,13.23,9.32,6.5,3.67,0.0,0.0,0.0,0.0,0.0,0.0,0.0,0.0
220,1994,14.0,0.085,283.06,24.06,49.45,36.75,0.0,0.0,0.28,3.01,11.11,15.63,19.26,14.74,12.57,10.26,6.12,4.28,2.73,0.0,0.0,0.0,0.0,0.0,0.0,0.0,0.0
221,1994,15.0,0.102,285.84,24.91,48.22,36.57,0.0,0.0,0.19,1.55,8.15,18.17,22.88,16.43,12.62,9.6,3.91,3.91,2.5,0.09,0.0,0.0,0.0,0.0,0.0,0.0,0.0
222,1994,16.0,0.129,289.07,27.41,46.48,36.94,0.0,0.0,0.05,1.37,5.79,16.29,24.06,20.67,13.04,8.76,4.61,3.01,1.98,0.38,0.0,0.0,0.0,0.0,0.0,0.0,0.0
223,1994,17.0,0.16699999999999998,291.13,31.53,53.92,42.73,0.0,0.0,0.05,0.38,1.93,6.97,13.23,19.87,20.01,14.64,10.55,6.54,3.63,1.74,0.38,0.09,0.0,0.0,0.0,0.0,0.0
224,1994,18.0,0.21600000000000003,292.61,38.4,66.78,52.59,0.0,0.0,0.0,0.05,0.47,1.41,3.81,7.44,11.25,16.67,17.61,13.94,12.95,9.37,3.91,0.99,0.14,0.0,0.0,0.0,0.0
225,1994,19.0,0.266,293.74,44.77,77.26,61.01,0.0,0.0,0.0,0.0,0.0,0.52,0.75,2.92,5.04,7.02,11.82,13.42,19.73,17.14,13.79,5.41,2.02,0.42,0.0,0.0,0.0
226,1994,20.0,0.306,294.5,50.17,82.24,66.2,0.0,0.0,0.0,0.0,0.0,0.0,0.52,0.52,3.11,4.19,7.58,10.64,15.07,18.93,18.31,12.76,6.36,1.65,0.28,0.09,0.0
227,1994,21.0,0.33899999999999997,295.28,56.57,85.76,71.16,0.0,0.0,0.0,0.0,0.0,0.0,0.14,0.19,0.71,1.74,4.8,6.26,11.82,17.04,19.26,18.17,11.91,5.93,1.37,0.66,0.0
228,1994,22.0,0.363,295.8,62.01,88.07,75.04,0.0,0.0,0.0,0.0,0.0,0.0,0.05,0.05,0.38,1.13,2.21,4.19,8.43,12.81,17.56,19.73,17.0,11.49,3.3,1.41,0.28
229,1994,23.0,0.379,295.99,68.09,90.48,79.29,0.0,0.0,0.0,0.0,0.0,0.0,0.0,0.05,0.24,0.52,1.41,2.12,5.04,7.34,12.76,19.54,20.39,16.67,10.31,2.82,0.8
230,1994,24.0,0.391,296.67,75.59,90.93,83.26,0.0,0.0,0.0,0.0,0.0,0.0,0.0,0.09,0.24,0.24,0.8,1.51,2.64,4.33,7.96,14.12,21.14,20.24,15.54,9.09,2.07
231,1994,25.0,0.397,298.03,80.11,86.45,83.28,0.0,0.0,0.0,0.0,0.0,0.0,0.0,0.14,0.19,0.33,0.52,1.37,2.54,5.23,8.43,15.16,18.17,20.2,16.1,8.99,2.64
232,1994,26.0,0.39399999999999996,299.4,80.19,78.29,79.24,0.0,0.0,0.0,0.0,0.0,0.0,0.09,0.09,0.38,0.56,1.22,3.44,5.27,8.95,12.1,16.71,17.7,15.87,12.05,5.27,0.28
233,1994,27.0,0.38,300.36,75.37,71.34,73.35,0.0,0.0,0.0,0.0,0.0,0.0,0.14,0.38,0.89,2.21,3.91,6.54,10.4,10.92,16.05,16.43,14.55,11.91,4.71,0.94,0.0
234,1994,28.0,0.35600000000000004,301.03,66.78,64.55,65.67,0.0,0.0,0.0,0.0,0.0,0.14,0.52,1.65,2.78,5.79,9.13,11.21,13.14,16.34,16.01,12.48,6.97,2.82,1.04,0.0,0.0
235,1994,29.0,0.33299999999999996,301.97,60.02,56.13,58.07,0.0,0.0,0.0,0.0,0.0,0.94,2.73,4.19,8.24,10.08,12.19,14.27,16.67,14.74,8.15,5.27,1.98,0.56,0.0,0.0,0.0
236,1994,30.0,0.311,302.62,54.53,49.9,52.21,0.0,0.0,0.0,0.09,1.13,2.5,5.37,8.95,9.84,13.09,15.68,15.63,13.28,8.19,4.0,1.69,0.52,0.05,0.0,0.0,0.0
237,1994,31.0,0.289,302.98,50.45,46.02,48.24,0.0,0.05,0.0,0.61,2.17,4.61,8.29,9.98,13.37,13.28,17.18,13.32,9.79,4.47,2.07,0.47,0.33,0.0,0.0,0.0,0.0
238,1994,32.0,0.26899999999999996,303.08,45.95,43.3,44.62,0.05,0.0,0.52,1.6,3.58,6.83,9.7,12.24,14.5,16.48,14.12,10.92,5.74,2.02,1.32,0.19,0.19,0.0,0.0,0.0,0.0
239,1994,33.0,0.248,303.05,40.28,41.56,40.92,0.09,0.28,1.51,3.06,5.18,8.9,12.38,13.89,17.51,14.92,9.79,6.36,3.53,1.37,0.89,0.14,0.19,0.0,0.0,0.0,0.0
240,1994,34.0,0.233,302.96,36.33,39.39,37.86,0.24,1.13,2.12,5.08,6.92,11.49,14.5,15.25,15.25,10.83,7.96,4.66,2.5,1.41,0.38,0.05,0.19,0.05,0.0,0.0,0.0
241,1994,35.0,0.22,302.73,34.79,34.51,34.65,0.75,2.35,4.47,7.58,10.03,12.66,14.22,13.23,11.68,9.46,6.12,3.3,2.35,1.13,0.38,0.14,0.09,0.05,0.0,0.0,0.0
242,1994,36.0,0.22,303.12,40.65,19.86,30.25,0.99,2.73,6.4,10.92,15.77,15.87,14.45,11.72,8.57,5.41,3.2,2.12,1.04,0.52,0.19,0.05,0.05,0.0,0.0,0.0,0.0
243,1995,7.0,0.034,267.45,19.5,43.47,31.48,0.05,0.28,2.07,6.07,15.44,21.75,22.69,13.84,10.03,5.13,1.65,0.94,0.05,0.0,0.0,0.0,0.0,0.0,0.0,0.0,0.0
244,1995,8.0,0.036000000000000004,272.04,18.15,34.59,26.37,0.05,0.47,4.14,15.87,27.35,22.36,16.01,8.38,3.67,0.99,0.61,0.09,0.0,0.0,0.0,0.0,0.0,0.0,0.0,0.0,0.0
245,1995,9.0,0.039,275.26,17.28,31.14,24.21,0.0,0.56,7.02,23.21,28.15,21.52,11.06,5.51,1.88,0.94,0.09,0.05,0.0,0.0,0.0,0.0,0.0,0.0,0.0,0.0,0.0
246,1995,10.0,0.044000000000000004,277.95,17.32,31.26,24.29,0.0,0.33,6.07,22.65,30.32,22.13,10.5,4.85,1.84,0.85,0.38,0.09,0.0,0.0,0.0,0.0,0.0,0.0,0.0,0.0,0.0
247,1995,11.0,0.048,279.6,17.87,33.69,25.78,0.0,0.14,2.26,16.57,33.19,25.61,12.95,4.94,2.31,1.04,0.71,0.28,0.0,0.0,0.0,0.0,0.0,0.0,0.0,0.0,0.0
248,1995,12.0,0.052000000000000005,280.74,17.45,38.75,28.1,0.0,0.05,1.04,10.26,26.37,28.3,19.16,8.05,3.01,1.6,1.65,0.52,0.0,0.0,0.0,0.0,0.0,0.0,0.0,0.0,0.0
249,1995,13.0,0.06,281.58,18.0,46.33,32.17,0.0,0.0,0.24,3.67,13.7,25.61,25.42,16.1,8.05,3.44,2.5,1.27,0.0,0.0,0.0,0.0,0.0,0.0,0.0,0.0,0.0
250,1995,14.0,0.077,283.27,20.57,48.22,34.39,0.0,0.0,0.09,1.51,9.23,22.32,24.76,20.76,9.93,5.56,3.39,2.17,0.28,0.0,0.0,0.0,0.0,0.0,0.0,0.0,0.0
251,1995,15.0,0.099,285.31,23.66,50.35,37.0,0.0,0.0,0.05,0.94,5.74,15.54,22.41,22.27,16.2,7.3,5.18,3.06,1.18,0.14,0.0,0.0,0.0,0.0,0.0,0.0,0.0
252,1995,16.0,0.127,287.34,26.49,54.49,40.49,0.0,0.0,0.0,0.66,2.54,9.13,18.97,20.15,19.3,13.47,7.44,4.71,2.59,0.8,0.24,0.0,0.0,0.0,0.0,0.0,0.0
253,1995,17.0,0.16,288.54,28.71,67.94,48.32,0.0,0.0,0.0,0.14,0.56,2.5,7.06,13.32,16.15,17.23,14.5,13.75,9.42,3.39,1.41,0.52,0.05,0.0,0.0,0.0,0.0
254,1995,18.0,0.2,290.57,32.32,77.86,55.09,0.0,0.0,0.0,0.05,0.09,0.85,2.21,5.32,8.52,13.56,16.01,19.21,17.94,10.36,4.1,1.41,0.38,0.0,0.0,0.0,0.0
255,1995,19.0,0.244,293.07,36.0,79.92,57.96,0.0,0.0,0.0,0.05,0.05,0.56,0.99,3.39,6.26,9.84,15.49,18.03,20.01,13.98,7.2,3.25,0.85,0.05,0.0,0.0,0.0
256,1995,20.0,0.292,295.41,44.22,76.45,60.33,0.0,0.0,0.0,0.05,0.09,0.14,1.08,2.5,5.37,7.96,12.85,17.37,18.03,15.07,10.59,5.74,2.17,0.89,0.05,0.05,0.0
257,1995,21.0,0.33799999999999997,297.89,56.43,65.04,60.73,0.0,0.0,0.0,0.05,0.09,0.05,1.08,2.26,3.86,9.6,11.86,18.08,18.46,13.89,10.73,6.03,2.87,0.8,0.24,0.05,0.0
258,1995,22.0,0.364,299.55,62.82,57.64,60.23,0.0,0.0,0.0,0.05,0.05,0.42,1.41,2.45,4.99,8.95,12.81,17.0,17.66,14.5,10.59,5.46,2.78,0.75,0.05,0.09,0.0
259,1995,23.0,0.377,301.15,67.75,47.72,57.73,0.0,0.0,0.0,0.14,0.33,1.13,1.37,3.58,6.73,11.21,14.6,18.13,16.1,12.15,8.62,4.19,1.32,0.42,0.0,0.0,0.0
260,1995,24.0,0.373,301.71,66.83,47.68,57.26,0.0,0.0,0.05,0.09,0.47,0.85,2.21,3.48,6.83,10.92,15.35,18.6,16.38,11.91,7.67,3.15,1.46,0.38,0.19,0.0,0.0
261,1995,25.0,0.36200000000000004,301.48,62.37,55.82,59.1,0.0,0.0,0.0,0.14,0.33,0.56,1.79,3.39,6.21,9.6,14.22,15.63,15.82,13.65,8.9,6.26,2.5,0.71,0.24,0.05,0.0
262,1995,26.0,0.353,301.77,59.77,57.07,58.42,0.0,0.0,0.0,0.19,0.33,0.89,2.12,4.28,8.29,11.49,12.9,13.61,13.42,12.05,9.27,6.36,3.48,1.04,0.24,0.05,0.0
263,1995,27.0,0.34600000000000003,302.36,58.22,53.98,56.1,0.0,0.0,0.05,0.14,0.8,1.41,3.67,6.5,10.08,12.66,13.14,11.63,11.86,9.89,8.29,6.07,2.78,0.8,0.24,0.0,0.0
264,1995,28.0,0.337,302.93,57.62,48.67,53.14,0.0,0.0,0.14,0.24,1.08,3.01,5.23,8.38,12.29,13.51,12.05,11.82,10.4,8.85,6.07,4.24,1.84,0.66,0.19,0.0,0.0
265,1995,29.0,0.324,303.28,55.98,45.17,50.58,0.0,0.05,0.19,0.42,1.98,3.86,7.63,9.46,12.99,13.23,13.42,12.05,8.47,7.34,4.24,2.4,1.51,0.71,0.05,0.0,0.0
266,1995,30.0,0.309,303.66,54.12,41.34,47.73,0.0,0.05,0.28,0.99,2.78,5.98,8.52,10.83,14.12,15.87,12.34,10.26,6.69,4.61,3.11,1.74,1.27,0.52,0.05,0.0,0.0
267,1995,31.0,0.294,303.83,52.81,39.21,46.01,0.05,0.14,0.52,1.51,2.97,6.03,9.93,12.05,16.34,15.25,11.82,8.8,5.56,3.39,2.4,1.69,1.13,0.38,0.05,0.0,0.0
268,1995,32.0,0.27699999999999997,303.8,50.67,37.63,44.15,0.09,0.52,0.85,2.26,4.0,7.72,11.25,13.61,14.5,13.98,10.36,7.91,4.47,3.39,1.55,2.07,1.13,0.28,0.05,0.0,0.0
269,1995,33.0,0.264,303.7,48.51,36.62,42.57,0.19,0.61,2.07,3.06,5.79,8.24,11.68,13.47,14.17,12.19,9.23,6.69,4.33,3.06,2.07,1.74,1.13,0.24,0.05,0.0,0.0
270,1995,34.0,0.252,303.54,46.74,35.14,40.94,0.38,1.37,2.35,4.66,6.45,9.79,13.04,13.51,11.3,10.03,8.8,5.32,4.57,2.97,2.45,2.02,0.8,0.14,0.05,0.0,0.0
271,1995,35.0,0.24,303.04,45.39,32.42,38.9,0.85,2.17,3.86,6.12,7.82,11.72,12.57,11.72,10.36,7.58,7.63,4.61,3.91,3.06,2.59,2.35,0.89,0.14,0.05,0.0,0.0
272,1995,36.0,0.226,302.05,43.85,27.25,35.55,1.79,3.53,6.92,7.67,11.21,12.95,10.92,10.03,6.69,6.69,5.46,4.43,3.44,2.68,2.59,2.21,0.75,0.05,0.0,0.0,0.0
273,1995,37.0,0.207,300.41,39.73,23.55,31.64,4.19,6.59,8.57,11.35,11.96,12.19,9.79,6.4,4.8,5.6,4.47,3.81,2.87,2.5,2.5,1.93,0.47,0.0,0.0,0.0,0.0
274,1995,38.0,0.191,298.28,38.68,24.63,31.66,4.0,6.36,9.42,11.77,12.15,11.72,9.09,6.4,5.13,4.94,4.57,3.63,3.11,2.68,2.64,1.79,0.61,0.0,0.0,0.0,0.0
275,1995,39.0,0.17800000000000002,296.05,40.02,27.09,33.55,2.68,4.76,8.43,10.69,12.71,11.63,10.5,6.87,5.08,5.18,5.08,3.67,4.19,3.63,2.54,2.02,0.33,0.0,0.0,0.0,0.0
276,1995,40.0,0.165,293.77,40.0,27.1,33.55,1.79,4.0,8.38,11.39,14.22,11.91,9.93,7.25,5.18,4.66,4.99,4.05,4.0,4.14,2.73,1.27,0.09,0.0,0.0,0.0,0.0
277,1995,41.0,0.15,290.99,38.22,27.16,32.69,0.71,2.64,7.53,12.9,15.87,14.41,10.92,7.02,5.37,4.28,4.66,3.95,3.48,3.58,2.12,0.56,0.0,0.0,0.0,0.0,0.0
278,1995,42.0,0.132,287.87,35.85,28.71,32.28,0.24,1.88,6.59,12.29,17.14,15.77,12.05,7.44,5.65,5.13,5.04,4.14,3.34,2.31,0.85,0.14,0.0,0.0,0.0,0.0,0.0
279,1995,43.0,0.113,284.55,32.59,32.05,32.32,0.05,0.8,4.85,10.5,17.8,18.93,12.71,8.66,7.25,5.41,4.61,3.86,2.59,1.41,0.47,0.09,0.0,0.0,0.0,0.0,0.0
280,1995,44.0,0.08900000000000001,280.32,26.14,37.48,31.81,0.0,0.24,3.06,9.65,17.98,21.14,16.01,10.17,7.49,5.27,4.28,2.73,0.99,0.75,0.19,0.05,0.0,0.0,0.0,0.0,0.0
281,1995,45.0,0.068,276.17,19.95,43.39,31.67,0.0,0.14,2.31,8.33,15.96,22.83,19.68,10.78,7.86,5.13,4.43,1.37,0.8,0.33,0.05,0.0,0.0,0.0,0.0,0.0,0.0
282,1995,46.0,0.05,272.76,14.54,47.21,30.88,0.0,0.24,2.68,8.19,17.84,21.99,18.83,12.62,8.0,5.04,3.39,1.04,0.14,0.0,0.0,0.0,0.0,0.0,0.0,0.0,0.0
283,1995,47.0,0.037000000000000005,269.81,10.32,49.76,30.04,0.0,0.14,2.73,8.19,18.79,24.06,19.49,12.71,7.58,3.53,2.54,0.24,0.0,0.0,0.0,0.0,0.0,0.0,0.0,0.0,0.0
284,1995,48.0,0.027000000000000003,267.22,6.78,49.59,28.19,0.0,0.24,2.59,9.37,21.89,28.06,21.52,10.12,3.86,1.41,0.94,0.0,0.0,0.0,0.0,0.0,0.0,0.0,0.0,0.0,0.0
285,1995,49.0,0.02,264.68,4.05,50.3,27.17,0.0,0.24,2.35,12.01,24.62,28.3,20.86,7.86,2.17,1.13,0.47,0.0,0.0,0.0,0.0,0.0,0.0,0.0,0.0,0.0,0.0
286,1995,50.0,0.013999999999999999,262.94,1.27,49.77,25.52,0.05,0.47,5.04,16.2,28.3,25.42,15.54,5.74,2.12,0.71,0.42,0.0,0.0,0.0,0.0,0.0,0.0,0.0,0.0,0.0,0.0
287,1995,51.0,0.011000000000000001,261.71,0.35,47.48,23.92,0.14,1.04,9.56,21.56,28.77,20.24,10.08,4.99,1.74,1.04,0.85,0.0,0.0,0.0,0.0,0.0,0.0,0.0,0.0,0.0,0.0
288,1995,52.0,0.012,261.0,0.32,44.93,22.63,0.33,2.31,13.32,25.14,27.87,15.58,7.34,3.25,2.54,1.13,1.18,0.0,0.0,0.0,0.0,0.0,0.0,0.0,0.0,0.0,0.0
289,1996,1.0,0.013000000000000001,260.51,0.43,46.31,23.37,0.38,3.15,12.99,24.39,23.07,16.2,8.1,4.99,3.48,1.84,1.41,0.0,0.0,0.0,0.0,0.0,0.0,0.0,0.0,0.0,0.0
290,1996,2.0,0.012,259.75,0.53,48.53,24.53,0.19,2.92,11.3,20.95,23.12,16.29,9.75,7.63,3.91,2.54,1.41,0.0,0.0,0.0,0.0,0.0,0.0,0.0,0.0,0.0,0.0
291,1996,3.0,0.009000000000000001,259.4,0.47,50.64,25.55,0.09,1.55,7.63,19.82,24.53,19.3,11.49,7.34,4.52,2.45,1.27,0.0,0.0,0.0,0.0,0.0,0.0,0.0,0.0,0.0,0.0
292,1996,4.0,0.008,258.91,0.17,56.45,28.31,0.05,0.42,2.26,12.52,23.59,24.11,16.85,9.84,5.46,2.87,2.02,0.0,0.0,0.0,0.0,0.0,0.0,0.0,0.0,0.0,0.0
293,1996,5.0,0.006999999999999999,258.11,0.06,65.34,32.7,0.0,0.0,0.75,3.63,12.95,23.16,23.02,16.81,10.45,5.18,4.05,0.0,0.0,0.0,0.0,0.0,0.0,0.0,0.0,0.0,0.0
294,1996,6.0,0.006999999999999999,257.89,0.13,72.17,36.15,0.0,0.0,0.14,1.22,7.44,16.2,22.69,19.16,15.63,8.52,8.99,0.0,0.0,0.0,0.0,0.0,0.0,0.0,0.0,0.0,0.0
295,1996,7.0,0.009000000000000001,259.45,0.45,72.92,36.69,0.0,0.0,0.19,0.61,6.12,15.49,21.8,20.95,16.48,8.95,9.42,0.0,0.0,0.0,0.0,0.0,0.0,0.0,0.0,0.0,0.0
296,1996,8.0,0.012,261.49,1.4,72.0,36.7,0.0,0.0,0.19,0.94,5.46,15.68,21.56,21.47,16.85,8.66,9.13,0.05,0.0,0.0,0.0,0.0,0.0,0.0,0.0,0.0,0.0
297,1996,9.0,0.017,264.63,3.99,68.67,36.33,0.0,0.0,0.05,0.71,5.13,17.66,22.55,22.27,14.6,8.38,8.62,0.05,0.0,0.0,0.0,0.0,0.0,0.0,0.0,0.0,0.0
298,1996,10.0,0.028999999999999998,268.4,9.46,65.29,37.37,0.0,0.0,0.0,0.28,2.17,12.9,26.41,26.65,15.16,7.77,8.1,0.56,0.0,0.0,0.0,0.0,0.0,0.0,0.0,0.0,0.0
299,1996,11.0,0.043,272.64,15.38,60.25,37.81,0.0,0.0,0.0,0.19,1.98,11.39,24.01,30.51,15.68,7.39,6.36,2.4,0.09,0.0,0.0,0.0,0.0,0.0,0.0,0.0,0.0
300,1996,12.0,0.06,277.04,20.93,54.0,37.47,0.0,0.0,0.0,0.28,4.28,12.24,22.6,24.53,20.29,10.03,3.72,1.84,0.14,0.05,0.0,0.0,0.0,0.0,0.0,0.0,0.0
301,1996,13.0,0.079,281.05,25.98,49.08,37.53,0.0,0.0,0.05,0.56,4.52,11.49,19.59,25.42,22.18,11.68,3.72,0.66,0.14,0.0,0.0,0.0,0.0,0.0,0.0,0.0,0.0
302,1996,14.0,0.105,284.8,31.83,42.5,37.16,0.0,0.0,0.05,0.61,4.38,12.48,20.86,25.42,21.7,11.21,2.68,0.56,0.05,0.0,0.0,0.0,0.0,0.0,0.0,0.0,0.0
303,1996,15.0,0.136,288.49,37.47,36.82,37.15,0.0,0.0,0.0,0.71,4.0,11.68,22.79,26.6,20.53,9.79,2.78,1.04,0.05,0.05,0.0,0.0,0.0,0.0,0.0,0.0,0.0
304,1996,16.0,0.168,292.1,41.46,31.62,36.54,0.0,0.0,0.0,0.56,4.85,13.7,24.11,26.13,17.7,8.38,3.67,0.75,0.09,0.05,0.0,0.0,0.0,0.0,0.0,0.0,0.0
305,1996,17.0,0.207,295.31,45.44,28.22,36.83,0.0,0.0,0.19,1.41,5.74,14.92,20.62,23.21,16.85,9.7,5.13,1.55,0.47,0.14,0.05,0.0,0.0,0.0,0.0,0.0,0.0
306,1996,18.0,0.243,297.72,47.84,27.79,37.81,0.0,0.19,0.94,2.26,6.73,12.1,17.0,22.03,15.87,10.73,6.83,3.34,1.18,0.61,0.09,0.09,0.0,0.0,0.0,0.0,0.0
307,1996,19.0,0.27399999999999997,299.34,47.62,30.45,39.04,0.28,0.33,1.69,2.87,6.69,11.16,12.71,19.3,15.11,12.76,8.29,4.38,2.4,1.37,0.52,0.09,0.05,0.0,0.0,0.0,0.0
308,1996,20.0,0.301,300.54,47.49,31.36,39.42,0.24,0.75,1.84,3.39,7.16,10.5,13.14,14.27,15.96,11.16,9.98,6.31,2.78,1.37,0.99,0.19,0.0,0.0,0.0,0.0,0.0
309,1996,21.0,0.319,301.01,46.88,37.42,42.15,0.14,0.47,1.37,1.84,4.71,8.9,12.15,14.31,16.01,13.04,10.78,7.06,4.71,2.54,1.04,0.71,0.19,0.05,0.0,0.0,0.0
310,1996,22.0,0.331,301.85,45.33,37.66,41.49,0.33,0.52,1.6,2.5,6.03,9.13,11.82,14.27,14.6,13.56,9.79,6.4,4.14,3.2,1.27,0.56,0.24,0.05,0.0,0.0,0.0
311,1996,23.0,0.336,303.2,45.1,29.9,37.5,1.18,1.22,2.82,4.94,8.52,11.44,13.14,13.89,13.56,10.31,7.86,5.23,3.39,1.46,0.75,0.19,0.09,0.0,0.0,0.0,0.0
312,1996,24.0,0.33299999999999996,304.42,44.15,23.42,33.79,1.74,1.74,5.04,7.53,10.78,12.62,15.21,12.9,11.35,8.62,6.07,3.53,1.98,0.75,0.05,0.05,0.05,0.0,0.0,0.0,0.0
313,1996,25.0,0.324,305.64,40.73,18.63,29.68,2.21,3.48,7.72,11.02,13.7,13.61,13.51,12.99,8.62,7.02,3.44,2.02,0.47,0.09,0.09,0.0,0.0,0.0,0.0,0.0,0.0
314,1996,26.0,0.311,306.52,35.99,16.38,26.18,3.15,6.83,10.5,12.95,13.94,13.79,14.74,9.89,7.16,4.14,2.02,0.75,0.14,0.0,0.0,0.0,0.0,0.0,0.0,0.0,0.0
315,1996,27.0,0.295,306.88,30.36,17.02,23.69,5.6,8.29,12.24,13.23,15.07,15.44,12.24,8.1,5.6,2.68,1.18,0.28,0.05,0.0,0.0,0.0,0.0,0.0,0.0,0.0,0.0
316,1996,28.0,0.278,307.06,26.67,16.2,21.43,6.97,9.89,14.31,15.68,15.07,15.58,10.45,6.59,3.44,1.32,0.42,0.24,0.05,0.0,0.0,0.0,0.0,0.0,0.0,0.0,0.0
317,1996,29.0,0.263,307.09,24.4,15.44,19.92,8.24,11.82,15.63,16.67,15.07,14.55,10.12,4.43,1.55,1.22,0.42,0.24,0.05,0.0,0.0,0.0,0.0,0.0,0.0,0.0,0.0
318,1996,30.0,0.249,306.29,23.45,20.38,21.91,4.71,9.37,13.61,17.33,16.01,16.38,11.91,5.56,2.87,1.22,0.71,0.28,0.05,0.0,0.0,0.0,0.0,0.0,0.0,0.0,0.0
319,1996,31.0,0.23800000000000002,305.02,24.73,29.37,27.05,0.8,3.72,8.62,13.98,16.29,16.95,17.47,11.3,5.7,3.01,1.37,0.66,0.14,0.0,0.0,0.0,0.0,0.0,0.0,0.0,0.0
320,1996,32.0,0.22899999999999998,303.32,25.92,40.53,33.22,0.19,0.33,2.68,7.91,12.9,15.68,18.31,16.57,11.35,7.16,4.43,1.65,0.75,0.09,0.0,0.0,0.0,0.0,0.0,0.0,0.0
321,1996,33.0,0.226,301.31,28.31,54.34,41.32,0.0,0.05,0.24,0.99,5.18,9.27,13.32,17.37,17.84,13.75,10.69,6.21,3.2,1.41,0.33,0.09,0.05,0.0,0.0,0.0,0.0
322,1996,34.0,0.222,298.82,30.68,71.5,51.09,0.0,0.0,0.0,0.0,0.19,1.74,5.23,10.26,12.95,17.0,17.8,12.66,10.26,6.4,3.63,1.51,0.28,0.05,0.05,0.0,0.0
323,1996,35.0,0.22399999999999998,296.33,36.39,85.98,61.19,0.0,0.0,0.0,0.0,0.0,0.09,0.8,2.87,4.99,9.13,12.71,15.73,15.82,13.51,11.25,8.0,3.72,1.04,0.28,0.05,0.0
324,1996,36.0,0.226,293.86,43.15,94.33,68.74,0.0,0.0,0.0,0.0,0.0,0.0,0.24,0.85,1.37,2.97,8.33,9.84,13.61,15.44,14.6,14.78,9.65,6.03,1.6,0.56,0.14
325,1996,37.0,0.233,291.96,52.83,96.61,74.72,0.0,0.0,0.0,0.0,0.0,0.0,0.14,0.52,0.71,0.99,4.66,5.7,9.27,12.05,14.41,15.25,14.12,12.43,5.7,2.54,1.51
326,1996,38.0,0.245,290.7,68.08,94.75,81.41,0.0,0.0,0.0,0.0,0.0,0.0,0.09,0.33,0.47,0.56,2.02,2.82,4.14,7.77,10.08,14.64,14.22,14.97,11.77,8.71,7.39
327,1996,39.0,0.256,289.66,84.39,88.82,86.6,0.0,0.0,0.0,0.0,0.0,0.05,0.05,0.24,0.42,0.61,1.32,1.51,1.98,3.39,5.41,8.29,12.57,17.75,18.88,14.88,12.66
328,1996,40.0,0.258,288.25,91.47,80.29,85.88,0.0,0.0,0.0,0.0,0.0,0.05,0.19,0.28,0.42,0.75,1.18,1.41,1.98,2.92,4.66,7.86,12.85,24.2,21.56,13.98,5.7
329,1996,41.0,0.255,287.05,92.78,63.79,78.29,0.0,0.0,0.0,0.0,0.05,0.09,0.28,0.52,0.75,0.94,1.84,2.31,3.2,6.87,9.37,20.24,28.86,17.94,5.6,0.99,0.14
330,1996,42.0,0.247,285.42,92.43,49.57,71.0,0.0,0.0,0.0,0.0,0.05,0.09,0.33,0.71,1.22,1.55,2.64,5.23,8.15,14.92,28.15,24.58,9.37,2.54,0.42,0.05,0.0
331,1996,43.0,0.23199999999999998,283.7,90.54,37.97,64.25,0.0,0.0,0.0,0.0,0.14,0.05,0.38,1.32,2.5,3.67,5.98,10.64,20.01,30.32,17.51,5.89,1.37,0.19,0.05,0.0,0.0
332,1996,44.0,0.221,282.38,89.99,24.94,57.47,0.0,0.0,0.0,0.05,0.19,0.52,1.27,2.54,4.71,7.58,12.1,24.06,33.29,11.77,1.74,0.09,0.09,0.0,0.0,0.0,0.0
333,1996,45.0,0.204,279.91,88.34,23.28,55.81,0.0,0.0,0.0,0.0,0.33,0.66,1.93,3.2,4.66,9.51,14.97,29.8,27.12,6.73,0.89,0.09,0.09,0.0,0.0,0.0,0.0
334,1996,46.0,0.18,277.28,84.41,24.88,54.65,0.0,0.0,0.0,0.05,0.38,0.8,2.07,3.95,7.06,11.96,17.0,26.88,22.13,6.64,0.99,0.05,0.05,0.0,0.0,0.0,0.0
335,1996,47.0,0.153,274.8,76.57,26.47,51.52,0.0,0.0,0.0,0.14,0.47,1.13,3.3,7.25,11.77,16.81,19.49,21.33,12.95,4.52,0.8,0.0,0.05,0.0,0.0,0.0,0.0
336,1996,48.0,0.122,271.64,64.5,30.42,47.46,0.0,0.0,0.0,0.05,0.89,2.17,8.0,11.58,17.0,18.55,19.02,13.94,5.74,2.5,0.52,0.05,0.0,0.0,0.0,0.0,0.0
337,1996,49.0,0.09300000000000001,268.45,51.69,34.89,43.29,0.0,0.0,0.0,0.33,1.65,6.07,12.43,16.71,19.4,19.68,13.23,6.4,2.78,1.04,0.24,0.05,0.0,0.0,0.0,0.0,0.0
338,1996,50.0,0.068,264.53,40.59,43.56,42.08,0.0,0.0,0.05,0.38,1.93,7.34,13.7,18.97,22.36,15.77,9.84,5.98,2.54,0.85,0.19,0.05,0.05,0.0,0.0,0.0,0.0
339,1996,51.0,0.053,261.18,35.22,50.04,42.63,0.0,0.0,0.05,0.09,1.32,5.98,13.14,20.29,23.07,16.67,9.65,4.94,2.92,1.51,0.33,0.05,0.0,0.0,0.0,0.0,0.0
340,1996,52.0,0.04,258.65,27.53,54.96,41.24,0.0,0.0,0.0,0.09,0.99,5.93,16.01,24.62,23.4,14.12,8.0,3.72,2.59,0.38,0.14,0.0,0.0,0.0,0.0,0.0,0.0
341,1997,1.0,0.027999999999999997,257.47,18.83,59.69,39.26,0.0,0.0,0.0,0.05,1.79,9.13,21.56,25.8,19.59,11.21,5.93,3.91,0.89,0.14,0.0,0.0,0.0,0.0,0.0,0.0,0.0
342,1997,2.0,0.02,257.72,10.66,57.72,34.19,0.0,0.0,0.0,0.85,6.78,22.03,30.37,21.47,9.46,5.79,2.5,0.66,0.05,0.05,0.0,0.0,0.0,0.0,0.0,0.0,0.0
343,1997,3.0,0.016,258.78,7.95,53.81,30.88,0.0,0.0,0.05,2.68,14.08,31.03,28.63,14.83,6.45,1.51,0.61,0.14,0.0,0.0,0.0,0.0,0.0,0.0,0.0,0.0,0.0
344,1997,4.0,0.016,260.47,9.37,50.59,29.98,0.0,0.0,0.0,2.31,15.35,36.11,29.0,13.23,3.06,0.89,0.05,0.0,0.0,0.0,0.0,0.0,0.0,0.0,0.0,0.0,0.0
345,1997,5.0,0.024,262.41,17.16,48.61,32.88,0.0,0.0,0.0,0.38,4.94,24.72,37.95,22.18,7.58,1.84,0.33,0.09,0.0,0.0,0.0,0.0,0.0,0.0,0.0,0.0,0.0
346,1997,6.0,0.032,263.53,22.63,50.75,36.69,0.0,0.0,0.0,0.0,1.13,10.88,28.86,33.43,16.57,5.89,2.59,0.56,0.09,0.0,0.0,0.0,0.0,0.0,0.0,0.0,0.0
347,1997,7.0,0.044000000000000004,266.51,27.71,46.97,37.34,0.0,0.0,0.0,0.09,1.69,11.16,25.47,30.84,18.31,7.86,3.06,1.22,0.24,0.05,0.0,0.0,0.0,0.0,0.0,0.0,0.0
348,1997,8.0,0.063,270.06,36.29,41.5,38.89,0.0,0.0,0.0,0.14,1.27,7.67,21.75,29.43,20.95,11.21,4.85,1.79,0.71,0.14,0.09,0.0,0.0,0.0,0.0,0.0,0.0
349,1997,9.0,0.085,273.58,45.42,36.89,41.15,0.0,0.0,0.0,0.09,0.94,4.14,15.82,24.53,24.81,17.7,8.19,2.64,0.71,0.33,0.09,0.0,0.0,0.0,0.0,0.0,0.0
350,1997,10.0,0.11,277.56,52.53,32.32,42.43,0.0,0.0,0.0,0.09,0.66,3.25,11.44,22.32,26.79,20.34,10.08,3.63,0.99,0.28,0.14,0.0,0.0,0.0,0.0,0.0,0.0
351,1997,11.0,0.134,280.93,58.52,28.35,43.43,0.0,0.0,0.0,0.0,0.47,2.68,9.56,20.34,25.52,23.07,11.86,4.52,1.46,0.38,0.09,0.05,0.0,0.0,0.0,0.0,0.0
352,1997,12.0,0.152,283.66,60.96,26.9,43.93,0.0,0.0,0.0,0.0,0.56,3.11,8.8,20.01,24.29,21.19,13.37,5.89,2.21,0.38,0.14,0.05,0.0,0.0,0.0,0.0,0.0
353,1997,13.0,0.16699999999999998,285.46,61.55,30.64,46.09,0.0,0.0,0.0,0.0,0.33,1.79,6.69,16.01,20.48,23.16,16.57,9.65,3.95,0.85,0.28,0.19,0.05,0.0,0.0,0.0,0.0
354,1997,14.0,0.183,286.86,61.68,33.37,47.52,0.0,0.0,0.0,0.05,0.09,1.18,4.9,12.71,19.63,24.11,18.5,12.15,4.99,1.22,0.24,0.19,0.0,0.05,0.0,0.0,0.0
355,1997,15.0,0.207,289.6,63.21,31.3,47.26,0.0,0.0,0.0,0.05,0.0,1.13,4.66,12.71,21.56,24.76,18.13,11.35,3.39,1.51,0.52,0.14,0.09,0.0,0.0,0.0,0.0
356,1997,16.0,0.242,292.16,67.33,30.89,49.11,0.0,0.0,0.0,0.05,0.05,0.38,2.97,10.03,18.74,25.09,19.3,13.79,5.84,2.45,0.8,0.38,0.09,0.05,0.0,0.0,0.0
357,1997,17.0,0.28800000000000003,294.52,73.92,32.28,53.1,0.0,0.0,0.0,0.05,0.0,0.19,0.94,5.08,12.1,18.64,23.31,18.69,11.91,5.41,2.21,0.89,0.38,0.19,0.0,0.0,0.0
358,1997,18.0,0.32799999999999996,295.91,78.91,40.44,59.68,0.0,0.0,0.05,0.0,0.0,0.09,0.33,1.46,4.57,9.23,15.16,21.14,19.3,15.07,7.96,3.44,1.51,0.52,0.09,0.09,0.0
359,1997,19.0,0.355,297.32,80.17,46.86,63.51,0.0,0.0,0.05,0.0,0.0,0.05,0.24,1.37,2.5,6.12,9.46,15.68,19.11,18.69,14.45,6.73,3.48,1.51,0.38,0.14,0.05
360,1997,20.0,0.374,298.65,79.12,46.9,63.01,0.0,0.0,0.05,0.0,0.0,0.09,0.71,1.6,2.73,5.79,11.06,14.92,19.35,18.55,12.71,7.06,3.48,1.37,0.42,0.09,0.0
361,1997,21.0,0.38,298.39,75.91,59.44,67.67,0.0,0.0,0.0,0.05,0.0,0.09,0.28,0.85,1.41,2.92,7.02,10.55,15.3,18.08,18.03,13.23,6.87,3.77,1.37,0.14,0.05
362,1997,22.0,0.381,297.8,71.96,71.87,71.92,0.0,0.0,0.0,0.05,0.0,0.09,0.19,0.56,0.99,2.21,4.1,7.06,9.04,15.21,19.07,16.62,12.66,8.05,2.97,1.04,0.09
363,1997,23.0,0.382,297.94,71.14,75.06,73.1,0.0,0.0,0.0,0.05,0.0,0.19,0.24,0.56,1.22,1.74,4.43,5.93,7.2,12.38,18.17,18.03,14.5,10.08,3.91,1.22,0.14
364,1997,24.0,0.38299999999999995,298.12,73.38,78.88,76.13,0.0,0.0,0.0,0.0,0.0,0.24,0.19,0.75,0.71,1.27,3.67,3.91,7.44,9.23,12.99,16.48,18.27,13.79,8.24,2.35,0.47
365,1997,25.0,0.382,298.11,73.91,84.55,79.23,0.0,0.0,0.0,0.0,0.05,0.14,0.14,0.61,0.56,1.27,2.12,3.25,5.51,7.72,10.45,13.42,16.43,18.69,12.34,5.93,1.37
366,1997,26.0,0.376,297.78,72.64,90.03,81.33,0.0,0.0,0.0,0.0,0.05,0.09,0.14,0.33,0.42,0.89,2.21,2.45,4.28,6.59,10.03,11.25,15.87,18.08,15.58,9.27,2.45
367,1997,27.0,0.369,297.33,70.37,93.94,82.16,0.0,0.0,0.0,0.0,0.05,0.09,0.19,0.28,0.24,0.56,1.93,2.21,4.43,5.51,7.86,14.17,15.73,17.89,14.83,9.84,4.19
368,1997,28.0,0.35600000000000004,296.65,67.15,97.01,82.08,0.0,0.0,0.0,0.0,0.05,0.05,0.09,0.24,0.42,0.47,2.17,1.79,3.11,6.36,7.72,15.11,17.47,18.13,13.32,9.04,4.47
369,1997,29.0,0.35,296.31,68.91,98.28,83.6,0.0,0.0,0.0,0.0,0.0,0.14,0.0,0.24,0.38,0.42,1.41,1.55,2.21,4.94,8.66,12.85,18.03,17.42,14.97,9.27,7.49
370,1997,30.0,0.35100000000000003,296.13,74.34,98.67,86.51,0.0,0.0,0.0,0.0,0.0,0.0,0.09,0.14,0.28,0.28,1.22,0.89,1.88,3.15,5.84,10.31,15.4,16.71,17.33,13.32,13.14
371,1997,31.0,0.35100000000000003,295.91,80.92,98.82,89.87,0.0,0.0,0.0,0.0,0.0,0.0,0.0,0.24,0.14,0.28,0.94,0.61,0.89,1.93,3.77,6.45,11.06,15.49,17.04,17.42,23.73
372,1997,32.0,0.35100000000000003,295.71,86.84,98.96,92.9,0.0,0.0,0.0,0.0,0.0,0.0,0.05,0.0,0.28,0.19,0.66,0.52,0.38,1.04,1.84,3.91,8.0,11.21,15.54,18.17,38.23
373,1997,33.0,0.35,295.58,91.66,99.0,95.33,0.0,0.0,0.0,0.0,0.0,0.05,0.0,0.05,0.14,0.19,0.61,0.42,0.38,0.42,0.94,2.45,4.61,6.97,12.01,14.27,56.5
374,1997,34.0,0.348,295.39,94.59,98.79,96.69,0.0,0.0,0.0,0.0,0.0,0.0,0.14,0.05,0.05,0.19,0.38,0.47,0.33,0.52,0.56,1.22,2.78,4.52,8.47,12.52,67.8
375,1997,35.0,0.33899999999999997,294.98,95.86,97.23,96.55,0.0,0.0,0.0,0.0,0.0,0.09,0.09,0.0,0.05,0.24,0.47,0.33,0.28,0.85,0.75,0.99,2.07,4.9,8.8,16.76,63.32
376,1997,36.0,0.32799999999999996,294.17,96.85,92.47,94.66,0.0,0.0,0.0,0.0,0.0,0.05,0.14,0.0,0.24,0.24,0.42,0.19,0.8,0.8,0.71,1.6,3.25,8.24,18.27,26.51,38.56
377,1997,37.0,0.314,293.24,97.08,86.21,91.65,0.0,0.0,0.0,0.0,0.05,0.0,0.14,0.0,0.28,0.33,0.24,0.56,0.89,0.71,1.65,2.87,7.06,16.34,26.84,25.89,16.15
378,1997,38.0,0.293,291.91,95.69,84.08,89.89,0.0,0.0,0.0,0.0,0.0,0.05,0.0,0.05,0.33,0.28,0.52,0.71,0.94,1.65,2.59,4.38,9.79,19.4,25.56,21.28,12.48
379,1997,39.0,0.263,289.59,89.22,89.38,89.3,0.0,0.0,0.0,0.0,0.0,0.0,0.05,0.05,0.19,0.66,0.71,0.75,1.22,2.45,3.34,6.4,10.31,15.54,22.83,20.9,14.6
380,1997,40.0,0.22899999999999998,287.02,76.48,91.15,83.81,0.0,0.0,0.0,0.0,0.0,0.0,0.05,0.0,0.33,0.66,1.13,1.51,2.02,4.1,8.24,13.51,16.43,21.05,16.95,9.93,4.1
381,1997,41.0,0.19899999999999998,284.86,64.5,83.3,73.9,0.0,0.0,0.0,0.0,0.0,0.05,0.0,0.33,0.61,1.37,2.87,4.85,7.63,14.27,18.97,18.79,17.0,8.85,3.25,0.99,0.19
382,1997,42.0,0.18,282.88,59.63,71.07,65.35,0.0,0.0,0.0,0.0,0.0,0.09,0.24,0.8,1.55,4.8,8.71,13.18,19.59,17.0,16.24,9.56,5.51,2.17,0.38,0.19,0.0
383,1997,43.0,0.162,280.49,56.82,61.07,58.94,0.0,0.0,0.0,0.0,0.09,0.09,0.56,1.22,5.41,9.79,16.71,20.86,18.97,14.64,6.97,3.34,1.04,0.24,0.05,0.0,0.0
384,1997,44.0,0.14400000000000002,277.96,52.83,51.07,51.95,0.0,0.0,0.0,0.05,0.05,0.52,1.22,4.8,12.57,22.65,22.74,19.21,10.36,4.33,1.13,0.28,0.09,0.0,0.0,0.0,0.0
385,1997,45.0,0.121,274.99,47.2,49.44,48.32,0.0,0.0,0.0,0.09,0.14,0.94,3.44,10.08,20.2,24.39,20.34,12.05,5.7,1.79,0.61,0.24,0.0,0.0,0.0,0.0,0.0
386,1997,46.0,0.098,271.26,40.91,54.3,47.61,0.0,0.0,0.0,0.09,0.33,1.6,4.47,12.57,18.93,23.49,19.73,11.44,4.9,2.02,0.33,0.09,0.0,0.0,0.0,0.0,0.0
387,1997,47.0,0.08199999999999999,268.04,36.56,57.81,47.19,0.0,0.0,0.0,0.14,0.33,1.74,5.27,12.1,20.57,23.26,18.83,10.97,4.85,1.41,0.52,0.0,0.0,0.0,0.0,0.0,0.0
388,1997,48.0,0.07,265.49,33.25,57.07,45.16,0.0,0.0,0.0,0.09,0.61,2.4,7.58,16.29,23.07,22.98,15.63,7.25,2.73,0.99,0.33,0.05,0.0,0.0,0.0,0.0,0.0
389,1997,49.0,0.068,263.43,35.51,55.53,45.52,0.0,0.0,0.0,0.05,0.47,1.88,7.44,15.87,23.21,22.6,16.43,6.87,3.44,1.08,0.66,0.0,0.0,0.0,0.0,0.0,0.0
390,1997,50.0,0.068,261.81,40.94,54.76,47.85,0.0,0.0,0.0,0.0,0.19,1.22,3.91,12.43,21.89,23.26,17.51,11.06,4.71,2.5,0.85,0.42,0.05,0.0,0.0,0.0,0.0
391,1997,51.0,0.065,260.71,45.42,52.36,48.89,0.0,0.0,0.0,0.05,0.19,1.13,3.53,11.49,19.87,22.03,18.74,10.69,6.31,3.48,1.74,0.61,0.09,0.05,0.0,0.0,0.0
392,1997,52.0,0.062,260.06,48.83,49.87,49.35,0.0,0.0,0.0,0.05,0.19,1.08,4.28,11.86,17.98,21.37,17.28,10.59,7.63,3.44,2.87,0.99,0.19,0.14,0.05,0.0,0.0
393,1998,1.0,0.06,260.37,56.33,48.04,52.18,0.0,0.0,0.0,0.0,0.14,1.6,4.1,9.32,14.41,17.94,15.63,11.58,9.51,6.87,4.85,2.73,0.75,0.33,0.19,0.05,0.0
394,1998,2.0,0.061,262.32,61.11,38.28,49.7,0.0,0.0,0.0,0.0,0.47,2.78,7.06,11.39,16.9,15.96,13.7,11.3,8.8,6.17,3.2,1.41,0.56,0.19,0.09,0.0,0.0
395,1998,3.0,0.063,264.98,64.43,27.67,46.05,0.0,0.0,0.0,0.05,0.99,3.67,10.83,14.83,18.17,17.04,13.7,10.78,6.03,2.73,0.71,0.42,0.05,0.0,0.0,0.0,0.0
396,1998,4.0,0.065,266.83,64.94,24.15,44.54,0.0,0.0,0.0,0.0,0.75,3.86,11.02,17.66,21.42,16.85,13.75,8.99,4.28,1.04,0.28,0.09,0.0,0.0,0.0,0.0,0.0
397,1998,5.0,0.068,268.14,62.98,24.89,43.93,0.0,0.0,0.0,0.0,0.47,3.34,10.22,21.42,22.32,17.98,12.38,8.0,3.11,0.52,0.24,0.0,0.0,0.0,0.0,0.0,0.0
398,1998,6.0,0.068,269.08,55.83,28.22,42.03,0.0,0.0,0.0,0.0,0.47,3.91,13.94,24.34,24.2,17.18,9.98,4.24,1.51,0.24,0.0,0.0,0.0,0.0,0.0,0.0,0.0
399,1998,7.0,0.068,269.88,47.36,33.6,40.48,0.0,0.0,0.0,0.0,0.19,3.48,18.17,28.34,25.75,14.78,7.11,1.84,0.28,0.0,0.05,0.0,0.0,0.0,0.0,0.0,0.0
400,1998,8.0,0.069,270.88,40.85,38.37,39.61,0.0,0.0,0.0,0.0,0.09,3.06,20.24,32.63,27.07,11.3,4.43,1.04,0.09,0.0,0.05,0.0,0.0,0.0,0.0,0.0,0.0
401,1998,9.0,0.071,272.21,36.7,41.78,39.24,0.0,0.0,0.0,0.05,0.14,2.97,19.63,35.22,28.06,10.26,2.31,1.08,0.24,0.05,0.0,0.0,0.0,0.0,0.0,0.0,0.0
402,1998,10.0,0.07400000000000001,273.49,33.48,47.07,40.27,0.0,0.0,0.0,0.05,0.05,1.84,14.88,33.38,33.43,11.68,2.87,1.32,0.47,0.05,0.0,0.0,0.0,0.0,0.0,0.0,0.0
403,1998,11.0,0.083,275.53,34.26,48.85,41.56,0.0,0.0,0.0,0.0,0.09,1.65,10.4,28.86,34.65,16.48,5.13,1.98,0.71,0.05,0.0,0.0,0.0,0.0,0.0,0.0,0.0
404,1998,12.0,0.094,278.14,35.74,48.6,42.17,0.0,0.0,0.0,0.0,0.09,2.26,12.34,23.92,29.8,19.4,8.24,2.97,0.85,0.14,0.0,0.0,0.0,0.0,0.0,0.0,0.0
405,1998,13.0,0.111,281.78,38.51,44.74,41.63,0.0,0.0,0.0,0.0,0.24,3.72,14.64,22.79,28.34,18.97,7.2,3.44,0.56,0.09,0.0,0.0,0.0,0.0,0.0,0.0,0.0
406,1998,14.0,0.132,285.08,41.83,40.03,40.93,0.0,0.0,0.0,0.0,0.24,4.57,15.63,25.33,26.37,18.93,6.36,2.26,0.33,0.0,0.0,0.0,0.0,0.0,0.0,0.0,0.0
407,1998,15.0,0.163,288.25,47.03,36.68,41.85,0.0,0.0,0.0,0.05,0.09,3.39,13.7,22.32,28.06,21.0,8.62,2.4,0.33,0.05,0.0,0.0,0.0,0.0,0.0,0.0,0.0
408,1998,16.0,0.2,290.84,52.56,36.82,44.69,0.0,0.0,0.0,0.0,0.05,1.18,7.86,17.66,23.87,26.04,16.67,5.27,1.27,0.14,0.0,0.0,0.0,0.0,0.0,0.0,0.0
409,1998,17.0,0.242,292.91,58.0,41.96,49.98,0.0,0.0,0.0,0.0,0.0,0.38,1.79,8.95,16.9,21.14,23.73,17.61,6.73,1.98,0.66,0.14,0.0,0.0,0.0,0.0,0.0
410,1998,18.0,0.28,294.25,61.73,53.64,57.68,0.0,0.0,0.0,0.0,0.0,0.14,0.38,1.93,6.36,12.15,18.22,20.29,18.88,12.48,6.21,2.02,0.85,0.09,0.0,0.0,0.0
411,1998,19.0,0.316,295.52,64.52,63.28,63.9,0.0,0.0,0.0,0.0,0.05,0.09,0.28,0.85,2.59,5.08,9.84,15.91,19.77,17.04,13.89,8.62,4.66,0.94,0.33,0.05,0.0
412,1998,20.0,0.34600000000000003,296.81,67.4,63.91,65.66,0.0,0.0,0.0,0.0,0.05,0.09,0.33,1.08,2.07,4.1,7.25,13.98,17.66,19.11,14.74,10.64,5.37,2.68,0.66,0.14,0.05
413,1998,21.0,0.373,297.65,72.59,66.57,69.58,0.0,0.0,0.0,0.0,0.05,0.09,0.47,0.33,1.08,2.21,4.76,9.6,14.69,16.43,18.36,14.45,9.6,5.84,1.37,0.61,0.05
414,1998,22.0,0.391,298.38,76.7,67.51,72.11,0.0,0.0,0.0,0.05,0.05,0.09,0.33,0.56,1.04,1.41,3.3,7.25,11.11,15.35,16.85,17.47,12.05,8.47,3.53,0.8,0.28
415,1998,23.0,0.40299999999999997,299.32,82.01,63.57,72.79,0.0,0.0,0.0,0.0,0.14,0.05,0.47,0.52,0.66,1.84,3.48,5.74,10.5,13.75,15.91,18.5,14.88,9.18,3.34,0.89,0.14
416,1998,24.0,0.41,300.25,86.64,60.52,73.58,0.0,0.0,0.0,0.0,0.09,0.05,0.38,0.71,0.85,1.32,2.54,5.51,8.99,13.51,15.96,18.88,16.9,9.51,3.91,0.75,0.14
417,1998,25.0,0.41200000000000003,300.83,88.95,61.37,75.16,0.0,0.0,0.0,0.0,0.05,0.09,0.09,0.89,0.38,1.22,2.5,3.86,8.0,12.01,15.68,17.89,18.79,12.43,4.71,1.32,0.09
418,1998,26.0,0.40700000000000003,301.4,87.92,60.34,74.13,0.0,0.0,0.0,0.0,0.0,0.14,0.05,0.47,0.89,1.08,3.91,4.94,8.8,13.14,15.63,15.73,18.03,11.68,4.47,0.99,0.05
419,1998,27.0,0.39899999999999997,302.12,84.8,56.19,70.5,0.0,0.0,0.0,0.0,0.0,0.05,0.09,0.47,1.37,3.15,4.99,8.71,12.57,13.94,15.73,15.49,14.31,7.06,1.84,0.24,0.0
420,1998,28.0,0.38799999999999996,302.82,82.28,49.95,66.11,0.0,0.0,0.0,0.0,0.0,0.05,0.14,0.94,2.35,6.03,8.47,12.52,14.31,15.35,14.6,13.94,9.13,1.88,0.24,0.05,0.0
421,1998,29.0,0.375,303.53,80.34,43.65,62.0,0.0,0.0,0.0,0.0,0.0,0.09,0.56,1.84,5.04,8.43,12.05,14.36,15.07,15.82,12.62,10.03,3.63,0.42,0.05,0.0,0.0
422,1998,30.0,0.361,303.96,78.85,39.27,59.06,0.0,0.0,0.0,0.0,0.0,0.24,1.32,3.39,8.05,9.93,13.75,14.6,16.34,13.42,10.5,7.06,1.22,0.14,0.05,0.0,0.0
423,1998,31.0,0.34299999999999997,304.17,76.75,36.71,56.73,0.0,0.0,0.0,0.0,0.05,0.47,2.26,5.7,9.37,11.77,14.17,15.49,13.94,12.1,9.32,4.61,0.75,0.0,0.0,0.0,0.0
424,1998,32.0,0.325,303.69,74.12,38.5,56.31,0.0,0.0,0.0,0.05,0.19,0.75,3.06,5.93,10.26,10.88,13.84,15.02,13.75,11.49,9.32,4.28,1.08,0.09,0.0,0.0,0.0
425,1998,33.0,0.307,302.63,70.33,44.93,57.63,0.0,0.0,0.0,0.05,0.24,0.89,1.84,5.74,8.57,11.53,12.15,14.41,14.31,12.66,9.23,5.65,2.35,0.38,0.0,0.0,0.0
426,1998,34.0,0.292,301.72,66.78,49.5,58.14,0.0,0.0,0.0,0.0,0.33,0.89,1.32,5.27,8.29,10.69,12.52,15.25,14.45,13.09,9.42,4.94,2.87,0.56,0.09,0.0,0.0
427,1998,35.0,0.27699999999999997,301.12,63.82,47.78,55.8,0.0,0.0,0.0,0.05,0.38,1.22,2.21,6.97,10.31,11.53,13.32,15.58,15.3,10.45,7.11,3.53,1.69,0.33,0.0,0.0,0.0
428,1998,36.0,0.257,300.07,59.82,43.5,51.66,0.0,0.0,0.0,0.33,0.75,1.93,6.03,9.51,11.91,12.76,16.15,15.63,11.53,6.83,4.43,1.6,0.52,0.09,0.0,0.0,0.0
429,1998,37.0,0.235,298.56,54.66,39.5,47.08,0.0,0.0,0.09,0.75,1.6,4.99,9.51,11.91,13.65,16.57,15.16,12.15,6.78,4.47,1.6,0.38,0.33,0.05,0.0,0.0,0.0
430,1998,38.0,0.214,296.69,51.37,39.26,45.31,0.0,0.0,0.05,0.89,2.07,6.45,10.55,13.18,15.54,17.28,14.17,9.89,4.85,3.53,0.89,0.33,0.28,0.05,0.0,0.0,0.0
431,1998,39.0,0.19399999999999998,294.35,49.05,43.36,46.2,0.0,0.0,0.0,0.24,1.74,4.52,10.22,13.47,17.37,16.67,14.27,9.93,6.36,3.06,1.41,0.38,0.38,0.0,0.0,0.0,0.0
432,1998,40.0,0.172,291.39,43.93,49.79,46.86,0.0,0.0,0.0,0.09,1.18,3.48,8.57,14.55,17.28,17.33,15.35,10.36,6.83,3.15,1.18,0.42,0.19,0.05,0.0,0.0,0.0
433,1998,41.0,0.151,288.45,38.7,50.53,44.61,0.0,0.0,0.0,0.19,1.98,5.51,11.16,16.15,17.37,17.33,14.31,8.47,4.43,2.21,0.56,0.24,0.09,0.0,0.0,0.0,0.0
434,1998,42.0,0.131,285.29,35.13,50.46,42.79,0.0,0.0,0.0,0.33,2.26,8.1,12.85,17.18,19.02,17.18,11.21,6.5,3.01,1.74,0.42,0.14,0.05,0.0,0.0,0.0,0.0
435,1998,43.0,0.115,282.12,33.66,49.35,41.51,0.0,0.0,0.0,0.28,2.35,6.4,15.49,20.95,21.75,14.78,10.22,4.94,1.88,0.71,0.19,0.05,0.0,0.0,0.0,0.0,0.0
436,1998,44.0,0.098,278.9,30.63,45.66,38.15,0.0,0.0,0.09,0.52,3.3,10.88,22.65,24.76,18.27,11.3,5.7,1.79,0.66,0.05,0.0,0.05,0.0,0.0,0.0,0.0,0.0
437,1998,45.0,0.08199999999999999,275.22,27.53,48.25,37.89,0.0,0.0,0.0,0.61,3.34,12.1,21.56,25.05,18.93,10.55,5.6,1.79,0.38,0.09,0.0,0.0,0.0,0.0,0.0,0.0,0.0
438,1998,46.0,0.068,270.27,24.87,59.16,42.02,0.0,0.0,0.0,0.14,0.94,6.26,13.56,21.05,22.65,17.75,11.39,4.57,1.32,0.38,0.0,0.0,0.0,0.0,0.0,0.0,0.0
439,1998,47.0,0.06,266.13,23.86,66.38,45.12,0.0,0.0,0.0,0.05,0.42,3.44,9.42,16.76,19.4,19.68,16.43,10.26,3.53,0.56,0.05,0.0,0.0,0.0,0.0,0.0,0.0
440,1998,48.0,0.054000000000000006,263.42,23.59,65.64,44.62,0.0,0.0,0.0,0.0,0.66,4.1,11.02,17.09,19.54,19.21,13.04,10.88,3.77,0.66,0.05,0.0,0.0,0.0,0.0,0.0,0.0
441,1998,49.0,0.048,262.19,22.94,60.22,41.58,0.0,0.0,0.0,0.19,1.88,7.53,16.67,19.26,20.81,15.02,9.04,6.92,2.45,0.19,0.05,0.0,0.0,0.0,0.0,0.0,0.0
442,1998,50.0,0.045,261.74,25.01,54.31,39.66,0.0,0.0,0.0,0.52,3.01,11.11,19.16,21.61,17.84,12.52,7.06,4.33,2.54,0.28,0.0,0.0,0.0,0.0,0.0,0.0,0.0
443,1998,51.0,0.045,261.89,29.48,46.47,37.98,0.0,0.0,0.05,0.47,4.19,13.37,23.45,21.42,16.9,9.27,5.7,3.25,1.6,0.28,0.05,0.0,0.0,0.0,0.0,0.0,0.0
444,1998,52.0,0.043,261.75,31.41,41.86,36.63,0.0,0.0,0.0,0.66,5.04,15.16,24.81,23.54,15.87,7.91,4.66,1.74,0.52,0.09,0.0,0.0,0.0,0.0,0.0,0.0,0.0
445,1999,1.0,0.042,261.76,36.11,40.91,38.51,0.0,0.0,0.0,0.61,4.24,10.4,19.16,25.66,18.5,12.05,6.12,2.12,0.61,0.47,0.05,0.0,0.0,0.0,0.0,0.0,0.0
446,1999,2.0,0.043,262.34,39.35,37.2,38.27,0.0,0.0,0.05,1.41,5.23,10.88,19.59,22.88,17.33,13.42,5.23,2.68,0.56,0.61,0.14,0.0,0.0,0.0,0.0,0.0,0.0
447,1999,3.0,0.045,263.24,43.24,34.1,38.67,0.0,0.0,0.0,0.99,5.13,10.73,19.3,22.08,18.64,12.05,5.98,3.2,1.41,0.33,0.14,0.0,0.0,0.0,0.0,0.0,0.0
448,1999,4.0,0.048,263.9,46.12,35.4,40.76,0.0,0.0,0.0,0.47,3.06,8.9,17.8,21.66,18.46,12.62,7.72,4.47,2.54,1.51,0.66,0.14,0.0,0.0,0.0,0.0,0.0
449,1999,5.0,0.051,264.89,46.12,37.35,41.73,0.0,0.0,0.0,0.28,2.45,8.71,17.98,21.8,17.66,12.1,6.87,3.95,3.01,2.59,1.69,0.66,0.19,0.05,0.0,0.0,0.0
450,1999,6.0,0.055999999999999994,267.0,45.2,35.39,40.29,0.0,0.0,0.0,0.38,2.97,11.49,19.87,22.88,17.09,9.6,5.04,3.15,3.01,2.21,1.37,0.8,0.09,0.05,0.0,0.0,0.0
451,1999,7.0,0.063,269.42,43.78,33.73,38.75,0.0,0.0,0.05,0.66,4.52,14.36,21.94,22.13,14.41,8.0,4.9,3.25,2.5,1.69,1.37,0.19,0.0,0.05,0.0,0.0,0.0
452,1999,8.0,0.069,271.76,41.3,33.51,37.41,0.0,0.0,0.05,1.04,6.4,16.67,23.63,19.35,13.61,8.1,3.81,2.5,2.97,1.22,0.61,0.0,0.05,0.0,0.0,0.0,0.0
453,1999,9.0,0.076,274.66,40.51,31.73,36.12,0.0,0.0,0.09,0.99,8.9,19.02,22.03,19.77,13.65,6.64,3.25,2.97,1.98,0.61,0.09,0.0,0.0,0.0,0.0,0.0,0.0
454,1999,10.0,0.087,277.96,41.33,30.06,35.69,0.0,0.0,0.0,1.18,8.38,17.84,23.35,21.42,13.84,7.11,4.14,1.84,0.75,0.14,0.0,0.0,0.0,0.0,0.0,0.0,0.0
455,1999,11.0,0.10400000000000001,281.57,45.14,25.3,35.22,0.0,0.0,0.05,1.37,7.02,19.68,24.2,21.94,13.84,6.78,3.39,1.37,0.33,0.05,0.0,0.0,0.0,0.0,0.0,0.0,0.0
456,1999,12.0,0.127,284.79,50.65,21.83,36.24,0.0,0.0,0.0,1.04,4.57,18.03,22.6,23.4,16.48,8.52,3.39,1.55,0.42,0.0,0.0,0.0,0.0,0.0,0.0,0.0,0.0
457,1999,13.0,0.153,287.15,56.22,23.5,39.86,0.0,0.0,0.0,0.19,2.02,9.32,18.55,22.08,22.65,13.61,6.87,3.48,0.99,0.24,0.0,0.0,0.0,0.0,0.0,0.0,0.0
458,1999,14.0,0.183,289.27,62.06,23.52,42.79,0.0,0.0,0.0,0.09,0.8,5.41,12.95,19.54,22.98,18.08,11.21,5.84,2.59,0.52,0.0,0.0,0.0,0.0,0.0,0.0,0.0
459,1999,15.0,0.221,291.51,68.67,23.01,45.84,0.0,0.0,0.0,0.09,0.61,2.73,8.66,15.49,19.11,20.57,15.73,10.78,5.32,0.8,0.09,0.0,0.0,0.0,0.0,0.0,0.0
460,1999,16.0,0.257,293.43,72.71,24.64,48.67,0.0,0.0,0.0,0.09,0.33,1.69,4.71,12.71,16.01,18.03,20.1,14.5,9.18,1.98,0.56,0.09,0.0,0.0,0.0,0.0,0.0
461,1999,17.0,0.29100000000000004,294.4,75.19,32.82,54.0,0.0,0.0,0.0,0.0,0.09,0.71,1.98,5.18,11.86,13.98,18.41,18.69,15.82,9.09,2.87,1.04,0.28,0.0,0.0,0.0,0.0
462,1999,18.0,0.322,295.03,76.58,46.95,61.77,0.0,0.0,0.0,0.0,0.0,0.09,0.52,1.6,3.01,8.33,13.04,16.85,17.37,16.67,12.29,6.03,2.97,1.08,0.14,0.0,0.0
463,1999,19.0,0.35100000000000003,296.17,78.15,56.57,67.36,0.0,0.0,0.0,0.0,0.0,0.14,0.09,0.71,1.55,3.48,8.57,11.44,14.92,17.09,15.73,12.66,8.19,3.67,1.37,0.28,0.09
464,1999,20.0,0.377,297.44,80.39,57.35,68.87,0.0,0.0,0.0,0.0,0.0,0.09,0.19,0.85,1.27,3.15,7.72,9.89,12.81,15.87,14.83,15.58,10.22,5.04,2.12,0.38,0.0
465,1999,21.0,0.395,298.82,83.1,55.0,69.05,0.0,0.0,0.0,0.0,0.05,0.09,0.19,0.33,1.51,3.11,6.45,10.12,13.09,14.12,17.84,16.1,11.25,4.19,1.41,0.14,0.0
466,1999,22.0,0.40399999999999997,300.24,83.08,49.68,66.38,0.0,0.0,0.0,0.0,0.0,0.14,0.47,1.13,2.26,4.33,8.8,11.82,12.19,16.1,18.08,14.83,7.11,2.17,0.47,0.05,0.05
467,1999,23.0,0.40299999999999997,301.35,81.77,43.63,62.7,0.0,0.0,0.0,0.0,0.14,0.38,1.27,2.31,3.48,7.06,10.88,11.86,16.05,17.42,15.44,8.85,3.72,0.85,0.19,0.09,0.0
468,1999,24.0,0.39399999999999996,302.1,78.34,41.46,59.9,0.0,0.0,0.09,0.0,0.24,0.75,1.74,3.39,4.85,8.76,13.04,14.08,15.87,17.28,10.64,5.65,3.25,0.38,0.0,0.0,0.0
469,1999,25.0,0.381,302.59,72.76,42.99,57.87,0.05,0.0,0.0,0.14,0.19,0.99,2.68,3.34,7.25,10.17,14.22,14.74,17.47,13.18,8.99,3.95,2.12,0.47,0.05,0.0,0.0
470,1999,26.0,0.36200000000000004,303.05,64.59,43.48,54.04,0.05,0.0,0.09,0.33,0.52,1.69,3.81,6.97,10.03,12.34,16.05,16.24,13.42,9.7,5.13,2.07,1.22,0.28,0.05,0.0,0.0
471,1999,27.0,0.345,303.41,57.32,43.07,50.19,0.05,0.05,0.24,0.56,1.13,3.72,6.36,8.62,12.38,14.74,16.81,13.28,10.5,6.73,2.59,1.69,0.52,0.0,0.05,0.0,0.0
472,1999,28.0,0.33,303.65,53.75,41.02,47.38,0.05,0.0,0.33,0.94,2.68,4.66,6.87,11.44,15.35,15.3,14.27,13.04,7.58,4.43,2.12,0.75,0.19,0.0,0.0,0.0,0.0
473,1999,29.0,0.316,303.63,51.38,40.66,46.02,0.0,0.05,0.38,1.41,2.78,5.65,8.62,11.68,15.54,16.1,13.65,11.96,6.31,3.63,1.41,0.71,0.14,0.0,0.0,0.0,0.0
474,1999,30.0,0.305,303.58,51.48,40.41,45.95,0.0,0.0,0.47,0.89,3.11,5.89,8.85,12.05,14.92,15.68,14.92,10.31,7.06,3.34,1.51,0.8,0.19,0.0,0.0,0.0,0.0
475,1999,31.0,0.295,303.18,52.86,43.11,47.98,0.0,0.0,0.38,0.61,1.93,4.24,7.34,11.39,14.78,16.38,14.5,11.68,8.62,4.38,2.45,0.85,0.47,0.0,0.0,0.0,0.0
476,1999,32.0,0.285,302.64,53.89,45.94,49.92,0.0,0.0,0.28,0.71,1.88,2.87,6.17,9.46,14.6,14.83,15.11,11.82,9.6,6.83,3.58,1.55,0.52,0.19,0.0,0.0,0.0
477,1999,33.0,0.276,301.99,54.59,49.61,52.1,0.0,0.0,0.19,0.66,1.32,2.97,4.14,8.9,12.81,14.64,13.84,12.38,10.73,6.97,5.74,2.78,1.51,0.33,0.05,0.05,0.0
478,1999,34.0,0.26899999999999996,301.34,55.36,52.38,53.87,0.0,0.0,0.0,0.52,0.94,2.5,3.91,8.1,11.21,13.94,14.22,12.62,10.36,7.53,6.5,4.19,2.07,1.13,0.14,0.09,0.05
479,1999,35.0,0.256,300.15,53.31,55.89,54.6,0.0,0.0,0.05,0.19,1.04,2.17,3.91,7.91,11.77,12.05,14.12,12.9,11.39,7.58,5.41,4.71,2.64,1.46,0.56,0.14,0.0
480,1999,36.0,0.23800000000000002,299.09,50.22,51.8,51.01,0.0,0.05,0.0,0.66,1.74,3.39,7.16,10.92,12.52,12.95,12.76,11.77,9.27,6.07,4.24,3.44,1.84,0.99,0.19,0.05,0.0
481,1999,37.0,0.21899999999999997,298.17,45.77,42.88,44.32,0.05,0.05,1.27,1.74,5.27,9.18,11.25,12.81,12.52,11.68,11.53,7.86,5.13,4.33,2.64,1.79,0.56,0.24,0.09,0.0,0.0
482,1999,38.0,0.196,297.02,41.3,36.0,38.65,0.14,1.18,2.64,5.7,8.57,10.92,14.36,12.66,11.35,10.97,7.2,5.7,4.0,2.59,1.18,0.47,0.24,0.14,0.0,0.0,0.0
483,1999,39.0,0.17,295.02,34.8,36.71,35.76,0.19,1.41,3.77,6.59,10.73,13.42,14.08,12.57,12.52,9.23,6.54,4.38,2.92,0.71,0.47,0.42,0.05,0.0,0.0,0.0,0.0
484,1999,40.0,0.14400000000000002,292.13,27.65,42.65,35.15,0.0,0.8,2.54,5.98,11.49,14.92,15.96,14.97,13.09,9.09,4.99,3.39,1.55,0.66,0.52,0.05,0.0,0.0,0.0,0.0,0.0
485,1999,41.0,0.12,288.21,22.04,53.01,37.53,0.0,0.0,0.09,2.12,7.34,13.98,19.4,20.43,15.16,9.65,6.26,3.01,1.41,0.66,0.42,0.0,0.05,0.0,0.0,0.0,0.0
486,1999,42.0,0.10300000000000001,284.36,20.45,58.82,39.64,0.0,0.0,0.0,0.28,3.06,9.98,19.35,22.6,19.07,12.9,6.78,3.34,1.98,0.38,0.28,0.0,0.0,0.0,0.0,0.0,0.0
487,1999,43.0,0.08800000000000001,281.16,20.1,56.69,38.39,0.0,0.0,0.0,0.47,3.39,11.86,21.47,25.19,17.61,10.31,4.8,2.97,1.46,0.42,0.05,0.0,0.0,0.0,0.0,0.0,0.0
488,1999,44.0,0.07400000000000001,277.7,18.79,53.24,36.01,0.0,0.0,0.0,0.56,5.74,17.37,26.27,23.96,12.29,7.16,3.39,1.98,1.04,0.24,0.0,0.0,0.0,0.0,0.0,0.0,0.0
489,1999,45.0,0.063,273.53,17.35,57.78,37.56,0.0,0.0,0.0,0.28,4.1,13.98,23.54,24.29,16.1,8.85,5.23,2.35,1.22,0.05,0.0,0.0,0.0,0.0,0.0,0.0,0.0
490,1999,46.0,0.052000000000000005,268.73,15.58,67.34,41.46,0.0,0.0,0.05,0.19,2.02,7.2,15.4,19.4,21.8,16.38,9.84,6.5,1.13,0.09,0.0,0.0,0.0,0.0,0.0,0.0,0.0
491,1999,47.0,0.044000000000000004,264.65,14.83,73.97,44.4,0.0,0.0,0.05,0.14,1.98,4.8,10.08,14.27,19.82,17.89,16.76,12.66,1.46,0.09,0.0,0.0,0.0,0.0,0.0,0.0,0.0
492,1999,48.0,0.039,261.6,14.16,74.18,44.17,0.0,0.0,0.05,0.28,2.02,5.13,10.5,16.76,17.33,16.38,16.71,13.42,1.41,0.0,0.0,0.0,0.0,0.0,0.0,0.0,0.0
493,1999,49.0,0.036000000000000004,260.03,14.57,69.47,42.02,0.0,0.0,0.05,0.66,2.45,7.16,15.16,18.69,17.18,15.07,12.57,9.84,1.18,0.0,0.0,0.0,0.0,0.0,0.0,0.0,0.0
494,1999,50.0,0.033,260.5,15.21,59.83,37.52,0.0,0.0,0.24,2.35,6.73,13.7,18.6,19.07,17.42,11.25,5.89,3.86,0.89,0.0,0.0,0.0,0.0,0.0,0.0,0.0,0.0
495,1999,51.0,0.031,260.68,16.94,51.97,34.46,0.0,0.0,0.28,2.82,8.76,16.53,24.15,23.68,15.11,6.17,1.88,0.47,0.14,0.0,0.0,0.0,0.0,0.0,0.0,0.0,0.0
496,1999,52.0,0.031,260.98,18.39,45.59,31.99,0.0,0.05,0.38,2.5,11.02,24.53,30.32,20.86,7.34,2.21,0.66,0.14,0.0,0.0,0.0,0.0,0.0,0.0,0.0,0.0,0.0
497,2000,1.0,0.031,260.63,22.73,46.53,34.63,0.0,0.0,0.09,1.08,4.85,18.41,30.23,24.76,13.79,4.9,1.55,0.28,0.0,0.05,0.0,0.0,0.0,0.0,0.0,0.0,0.0
498,2000,2.0,0.031,260.13,24.8,47.7,36.25,0.0,0.0,0.0,0.47,2.87,16.15,26.88,27.35,13.94,7.82,2.97,1.08,0.28,0.14,0.05,0.0,0.0,0.0,0.0,0.0,0.0
499,2000,3.0,0.032,259.69,27.73,50.34,39.04,0.0,0.0,0.0,0.19,1.84,11.72,23.49,23.12,17.89,10.17,5.56,2.68,1.93,1.13,0.28,0.0,0.0,0.0,0.0,0.0,0.0
500,2000,4.0,0.034,259.91,29.68,53.18,41.43,0.0,0.0,0.0,0.28,2.82,9.27,18.5,21.42,16.29,11.35,6.45,5.65,4.57,2.21,1.13,0.05,0.0,0.0,0.0,0.0,0.0
501,2000,5.0,0.035,260.11,29.17,57.83,43.5,0.0,0.0,0.0,0.38,2.59,7.96,13.47,19.3,17.7,11.68,8.29,6.69,6.73,4.43,0.71,0.09,0.0,0.0,0.0,0.0,0.0
502,2000,6.0,0.035,260.89,25.96,60.32,43.14,0.0,0.0,0.0,0.24,2.02,7.72,13.98,19.26,19.49,12.43,7.06,7.44,8.0,2.26,0.09,0.0,0.0,0.0,0.0,0.0,0.0
503,2000,7.0,0.037000000000000005,262.99,22.43,59.53,40.98,0.0,0.0,0.05,0.05,2.87,9.79,19.11,21.33,16.34,9.7,6.54,8.95,4.85,0.38,0.05,0.0,0.0,0.0,0.0,0.0,0.0
504,2000,8.0,0.040999999999999995,265.09,21.33,59.52,40.43,0.0,0.0,0.0,0.09,1.74,9.79,21.61,22.74,15.07,11.49,6.07,8.71,2.54,0.14,0.0,0.0,0.0,0.0,0.0,0.0,0.0
505,2000,9.0,0.045,266.71,20.88,61.74,41.31,0.0,0.0,0.0,0.0,0.71,7.02,17.8,25.09,17.75,13.28,8.57,8.24,1.55,0.0,0.0,0.0,0.0,0.0,0.0,0.0,0.0
506,2000,10.0,0.05,268.34,20.89,65.31,43.1,0.0,0.0,0.0,0.0,0.09,4.47,13.75,22.88,20.76,15.49,10.12,10.22,2.12,0.09,0.0,0.0,0.0,0.0,0.0,0.0,0.0
507,2000,11.0,0.059000000000000004,270.87,22.76,65.99,44.38,0.0,0.0,0.0,0.0,0.0,3.91,12.01,19.02,21.33,15.16,13.37,11.16,3.86,0.14,0.05,0.0,0.0,0.0,0.0,0.0,0.0
508,2000,12.0,0.07200000000000001,273.91,26.13,65.14,45.63,0.0,0.0,0.0,0.0,0.09,3.95,10.17,15.49,19.54,17.23,15.07,11.16,6.54,0.61,0.09,0.05,0.0,0.0,0.0,0.0,0.0
509,2000,13.0,0.092,278.53,30.67,58.09,44.38,0.0,0.0,0.0,0.0,0.19,4.43,10.59,16.95,23.26,18.64,12.9,7.58,4.47,0.8,0.14,0.05,0.0,0.0,0.0,0.0,0.0
510,2000,14.0,0.11699999999999999,284.06,36.07,44.93,40.5,0.0,0.0,0.0,0.0,0.56,6.31,18.31,26.55,23.31,14.36,5.08,3.2,1.6,0.61,0.05,0.05,0.0,0.0,0.0,0.0,0.0
511,2000,15.0,0.149,288.43,41.73,37.03,39.38,0.0,0.0,0.0,0.05,1.37,9.56,19.82,26.04,21.37,13.09,4.33,2.59,1.08,0.47,0.19,0.05,0.0,0.0,0.0,0.0,0.0
512,2000,16.0,0.188,291.82,47.95,33.29,40.62,0.0,0.0,0.0,0.19,1.46,8.19,16.95,23.78,21.28,14.69,7.77,3.3,1.6,0.61,0.14,0.05,0.0,0.0,0.0,0.0,0.0
513,2000,17.0,0.22699999999999998,294.04,52.49,36.45,44.47,0.0,0.0,0.0,0.28,0.71,5.37,10.22,16.9,21.23,18.08,12.29,8.43,4.43,1.22,0.66,0.19,0.0,0.0,0.0,0.0,0.0
514,2000,18.0,0.26,294.81,53.81,50.79,52.3,0.0,0.0,0.0,0.0,0.14,0.99,3.34,8.57,12.1,19.21,17.23,15.25,9.37,8.1,3.25,1.55,0.71,0.19,0.0,0.0,0.0
515,2000,19.0,0.282,295.49,50.61,64.87,57.74,0.0,0.0,0.0,0.05,0.14,0.66,0.99,3.81,7.72,12.29,16.53,16.38,15.54,10.55,7.72,4.52,1.88,0.99,0.24,0.0,0.0
516,2000,20.0,0.302,297.01,48.16,63.43,55.8,0.0,0.0,0.0,0.05,0.56,0.8,2.92,4.57,9.46,12.62,17.04,15.96,13.94,9.75,6.12,3.81,1.65,0.66,0.09,0.0,0.0
517,2000,21.0,0.316,298.21,45.64,62.69,54.17,0.0,0.0,0.05,0.05,0.75,1.79,3.2,5.13,10.45,13.98,17.84,16.05,12.9,8.71,5.04,2.68,0.85,0.42,0.05,0.05,0.0
518,2000,22.0,0.325,299.11,42.23,62.13,52.18,0.0,0.0,0.09,0.56,1.32,2.59,4.52,7.82,10.36,15.16,15.73,14.27,12.43,7.91,4.14,1.98,0.85,0.19,0.05,0.05,0.0
519,2000,23.0,0.327,299.5,39.59,62.91,51.25,0.0,0.05,0.19,0.94,2.02,3.81,4.76,8.52,10.26,13.65,14.12,15.3,11.21,8.52,3.91,1.79,0.75,0.14,0.0,0.05,0.0
520,2000,24.0,0.32899999999999996,299.8,42.27,65.29,53.78,0.0,0.0,0.24,0.47,1.27,2.97,4.24,5.37,8.57,12.38,14.64,16.71,14.6,10.03,4.52,2.73,0.89,0.38,0.0,0.0,0.0
521,2000,25.0,0.33299999999999996,300.07,45.78,68.55,57.17,0.0,0.0,0.09,0.09,0.56,1.69,2.12,4.66,6.5,9.37,15.25,16.05,16.9,14.08,6.73,3.25,1.84,0.71,0.09,0.0,0.0
522,2000,26.0,0.332,300.25,47.21,70.44,58.82,0.0,0.0,0.05,0.05,0.33,1.04,1.74,3.77,5.46,9.51,12.24,16.9,18.46,14.45,8.76,4.0,2.45,0.56,0.19,0.05,0.0
523,2000,27.0,0.324,300.43,45.63,70.11,57.87,0.0,0.0,0.0,0.05,0.24,0.94,2.26,3.95,7.02,8.9,13.94,17.84,17.8,12.85,7.96,3.95,1.69,0.42,0.19,0.0,0.0
524,2000,28.0,0.314,300.59,45.06,67.37,56.21,0.0,0.0,0.0,0.0,0.24,1.04,3.06,4.71,8.24,10.88,15.49,18.97,14.74,11.63,6.59,2.97,1.04,0.38,0.05,0.0,0.0
525,2000,29.0,0.302,300.84,43.97,64.26,54.12,0.0,0.0,0.0,0.09,0.42,1.46,3.58,6.59,8.38,13.61,18.03,16.48,14.17,9.75,4.71,1.84,0.75,0.14,0.0,0.0,0.0
526,2000,30.0,0.29,301.25,43.75,59.86,51.8,0.0,0.0,0.0,0.28,0.8,2.4,4.76,7.53,11.06,15.96,16.81,15.77,12.57,7.16,2.87,1.41,0.52,0.09,0.0,0.0,0.0
527,2000,31.0,0.272,300.97,41.47,60.63,51.05,0.0,0.0,0.05,0.14,1.08,2.97,4.61,8.9,11.82,14.88,17.18,16.95,10.88,5.98,2.92,1.08,0.47,0.09,0.0,0.0,0.0
528,2000,32.0,0.251,300.49,36.94,62.4,49.67,0.0,0.0,0.09,0.28,1.13,3.3,6.59,9.56,12.76,16.1,16.76,14.45,10.26,5.04,2.68,0.66,0.19,0.14,0.0,0.0,0.0
529,2000,33.0,0.23600000000000002,300.15,33.73,63.21,48.47,0.0,0.05,0.19,0.33,1.18,4.05,7.58,10.5,14.22,15.82,16.2,15.02,7.67,4.57,1.69,0.61,0.24,0.09,0.0,0.0,0.0
530,2000,34.0,0.221,299.14,30.4,68.7,49.55,0.0,0.0,0.14,0.28,0.71,3.2,6.03,10.12,14.45,16.01,16.2,14.5,9.89,5.27,1.93,0.8,0.42,0.05,0.0,0.0,0.0
531,2000,35.0,0.21100000000000002,297.54,29.88,75.8,52.84,0.0,0.0,0.05,0.19,0.52,1.84,4.14,7.44,11.16,14.64,16.71,15.73,12.62,7.63,4.99,1.46,0.52,0.33,0.05,0.0,0.0
532,2000,36.0,0.204,295.79,31.85,78.04,54.95,0.0,0.0,0.05,0.19,0.8,1.41,2.97,6.78,8.71,12.57,16.76,15.11,12.24,11.06,6.45,3.44,0.71,0.61,0.14,0.0,0.0
533,2000,37.0,0.201,294.55,35.87,73.91,54.89,0.0,0.0,0.05,0.33,1.04,2.35,4.24,6.12,9.27,11.96,14.97,14.17,11.58,9.46,7.58,4.38,1.27,0.8,0.42,0.0,0.0
534,2000,38.0,0.205,293.81,45.65,65.75,55.7,0.0,0.05,0.24,0.8,1.6,3.06,5.51,5.13,9.18,10.45,11.53,12.29,11.77,8.85,7.16,6.17,3.67,1.27,0.94,0.33,0.0
535,2000,39.0,0.20600000000000002,292.24,55.53,63.65,59.59,0.05,0.0,0.28,0.94,2.4,3.48,4.61,5.23,6.45,7.44,8.62,8.95,10.55,9.46,8.52,7.67,6.17,4.8,2.68,1.65,0.05
536,2000,40.0,0.205,290.76,61.23,55.54,58.39,0.0,0.05,0.52,1.69,2.31,3.77,4.85,6.21,6.87,7.02,8.76,9.37,8.66,9.56,8.71,7.44,6.36,4.28,2.59,0.89,0.09
537,2000,41.0,0.198,289.68,62.08,38.24,50.16,0.05,0.52,0.94,2.45,3.86,6.12,7.49,8.33,8.8,9.7,10.69,9.51,9.42,8.47,6.92,4.14,1.98,0.47,0.14,0.0,0.0
538,2000,42.0,0.184,287.59,60.33,30.0,45.16,0.09,0.8,1.46,3.15,5.6,7.63,9.13,10.83,11.58,9.93,10.36,9.09,8.71,6.54,3.11,1.65,0.33,0.0,0.0,0.0,0.0
539,2000,43.0,0.16699999999999998,285.19,58.17,26.83,42.5,0.14,0.38,1.37,3.91,6.17,8.95,11.96,12.81,11.35,11.06,9.6,8.66,7.49,4.28,1.32,0.56,0.0,0.0,0.0,0.0,0.0
540,2000,44.0,0.14300000000000002,282.39,52.03,24.95,38.49,0.24,0.61,3.15,3.77,7.25,12.9,14.97,12.71,12.66,10.36,8.05,7.3,4.24,1.22,0.33,0.24,0.0,0.0,0.0,0.0,0.0
541,2000,45.0,0.11900000000000001,279.62,46.21,24.67,35.44,0.42,1.98,2.78,5.32,9.32,16.15,14.5,13.56,13.56,8.95,6.17,4.24,2.4,0.33,0.33,0.0,0.0,0.0,0.0,0.0,0.0
542,2000,46.0,0.09699999999999999,276.86,40.86,26.5,33.68,0.28,1.79,3.44,5.04,9.84,16.38,18.17,17.23,12.52,8.19,4.05,2.26,0.56,0.24,0.0,0.0,0.0,0.0,0.0,0.0,0.0
543,2000,47.0,0.083,274.54,37.33,27.14,32.23,0.42,1.79,3.53,6.87,10.97,16.67,20.06,17.09,11.86,6.45,2.68,1.13,0.38,0.09,0.0,0.0,0.0,0.0,0.0,0.0,0.0
544,2000,48.0,0.076,273.71,37.33,20.72,29.02,1.46,3.44,5.89,10.22,14.12,18.83,16.76,13.79,8.0,4.28,1.98,0.89,0.33,0.0,0.0,0.0,0.0,0.0,0.0,0.0,0.0
545,2000,49.0,0.073,273.09,38.77,15.39,27.08,2.45,4.0,9.13,12.24,16.71,15.77,15.49,10.88,6.54,3.3,2.45,0.89,0.09,0.05,0.0,0.0,0.0,0.0,0.0,0.0,0.0
546,2000,50.0,0.066,272.12,39.69,12.61,26.15,2.82,5.51,11.49,13.09,15.63,14.27,13.94,9.7,6.31,3.01,3.3,0.8,0.09,0.05,0.0,0.0,0.0,0.0,0.0,0.0,0.0
547,2000,51.0,0.061,271.21,42.22,10.11,26.17,3.44,6.78,11.02,14.88,13.14,13.79,11.77,9.09,6.07,4.43,4.61,0.94,0.05,0.0,0.0,0.0,0.0,0.0,0.0,0.0,0.0
548,2000,52.0,0.062,270.1,48.68,10.3,29.49,1.98,4.24,8.57,13.94,13.18,11.86,11.68,10.55,7.39,5.7,7.96,2.5,0.42,0.05,0.0,0.0,0.0,0.0,0.0,0.0,0.0
